ela_meta.lin_simple.adj_r2,ela_meta.lin_simple.intercept,ela_meta.lin_w_interact.coef_min,ela_meta.lin_w_interact.coef_max,ela_meta.quad_simple.adj_r2,ela_disp.ratio_mean_02,ela_disp.dist_all_mean,ela_ic.h_max,ela_ic.eps_s,ela_ic.eps_ratio,ela_ic.m0,ela_cm.mean_ofs_10,ela_lc.r_pearson_dist_centroid,ela_lc.r_pearson_nn,ela_lc.y_skewness,ela_lc.y_kurtosis,nbc.nn_nb.dist.ratio.mean,nbc.nn_nb.dist.ratio.sd,nbc.nb.fitness.ratio.mean,nbc.nb.fitness.ratio.sd,nbc.n_candidates,nbc.dist.ratio.coeff_var,fdc.r,fdc.p_value,fdc.dist.mean,fdc.slope,gh.mean,gh.norm.mean,gh.norm.sd,gh.angle.mean,ls.mean,ls.min,ls.max,ls.ratio,ls.lml,sample.y_min,sample.y_max,sample.y_mean
-0.2771474,0.44588697,-0.2529987,0.064728454,0.12751302,0.1248058,0.9332838,0.008410984,0.04171198,0.0,-0.0126582105,0.40225798,-0.31817648,0.2105662,-0.8610174,-0.09395991,-0.09743689,-0.07584266,0.3260904,-0.21201508,-0.07380627,0.1612421,0.12625328,0.0,0.11544615,1.0055714,0.05619038,0.52236354,1.720206,0.088514894,0.069332115,-0.08962254,0.20697235,-0.06833083,-0.01628371,0.18597376,0.1819103,0.010842774
-0.2787254,0.23971829,-0.2529987,0.07314978,0.12751302,0.1248058,1.1232498,0.008410984,0.031687815,0.0,-0.0065985243,0.40225798,-0.33407968,0.20553102,-0.65533733,-0.085231595,-0.06359091,-0.07107497,0.29707727,-0.19436423,-0.07380627,0.16599646,0.13263655,0.0,0.14502816,0.86467224,0.037166968,0.52236354,1.5942531,0.07314872,0.049999356,0.24396114,0.06767827,0.027866451,0.030165214,0.19393036,0.20474422,0.017285947
-0.16100135,0.07203684,0.31171963,-0.004896071,0.015583925,-0.03462365,0.21085785,-0.027166728,-0.018854547,0.0,-0.037548956,0.04829275,0.10702163,0.0019187387,-0.9816627,-0.2064814,-0.14612718,-0.31832716,-0.08942011,0.14650585,-0.106917,0.1372655,-0.3113828,0.0,-0.05311232,-1.2098815,-0.051167455,-0.4965186,-1.1919969,-0.03152583,-0.30010086,-0.24379075,-0.35166058,-0.0509781,-0.04601784,0.0048236065,0.04901337,-0.047647554
0.3393833,0.7666869,0.3299785,0.029869812,0.01966568,0.04324823,-0.31171927,0.098741435,0.08363068,0.0,-0.0065985243,0.37424165,-0.31486437,0.23117727,0.63357985,-0.10515888,-0.078190714,-0.20522118,0.16469988,-0.22839688,-0.048414595,0.14843506,-0.2032935,0.0,0.2521614,-1.411726,0.032240797,0.47569922,1.1439196,0.13979894,0.12329431,0.5449879,0.25128266,0.03959679,0.07952586,0.34646356,0.10465995,0.1782923
0.38924086,0.86273915,0.37334916,-0.10109163,-0.08815815,0.13761659,-0.3282274,0.10523748,0.08363068,0.0,-0.0062782206,0.28156275,-0.2747791,-0.2142874,1.8218355,0.34144202,-0.034253873,-0.07452953,0.21455361,-0.17236418,0.17457965,0.23358211,0.057185076,0.0,0.12712981,0.33223152,-0.06505378,0.35251385,0.30370653,-0.13599145,0.12991422,0.1472927,0.26876357,0.04981093,-0.02288467,0.24481681,0.2872321,0.41975245
0.19460528,0.1676224,0.4325798,-0.052962475,0.04012842,0.45382324,0.35487735,0.10163562,0.06461598,0.0,-0.011824183,0.17964204,0.086056076,-0.20147252,1.861283,0.17984542,-0.051869486,-0.06974453,0.29827264,-0.15869156,-0.053465016,-0.108329244,0.030164573,0.0,0.18335083,0.6635259,-0.2886173,-0.06853157,-0.3093869,-0.10181939,-0.39072224,-0.07817078,-0.15347396,-0.004844685,0.044213936,-0.17442378,0.28524858,0.38078317
0.26602945,0.94191945,0.33524153,-0.03433651,-0.072347134,0.4113122,-0.38104218,0.09832296,0.16539533,0.0,-0.011824183,0.16615011,-0.19751973,-0.19179302,2.213335,0.37250915,-0.06071778,-0.07010551,0.2528603,0.18096739,0.1313228,-0.13982612,-0.23543358,0.0,0.07535064,0.6594917,-0.011173613,-0.09967776,-0.81355405,-0.08608248,-0.20231703,-0.0599991,-0.2787484,-0.0059581166,-0.005882617,0.2726612,0.17714009,0.34388635
0.10086742,0.13496396,0.11859822,-0.10555619,-0.072347134,-0.48590395,-0.66079104,-0.15634696,-0.0541808,0.0,-0.011824183,0.11445892,0.037418805,-0.1454986,1.5977296,0.36561942,-0.06317703,-0.090804785,0.07222975,-0.16440836,-0.042020887,-0.36002234,-0.24247518,0.0,0.15294081,-0.7253487,-0.18782558,-0.24977137,-1.1657076,-0.24408561,-0.6580628,-0.10136572,-0.26535478,-0.09018388,-0.05994928,-0.27079526,0.05042173,0.15720077
-0.035234444,0.24123988,0.24309853,-0.06308679,0.01966568,0.23905635,-0.67991483,-0.02156945,-0.0541808,0.0,-0.037548956,0.08075866,0.3175952,-0.3639095,-1.1955769,-0.25916836,-0.14439082,-0.32161704,0.090350844,-0.12899128,-0.08463313,0.17174229,-0.23644006,0.0,0.1318205,-1.9088602,-0.115245536,-0.22096834,-0.687402,0.08074772,0.10234262,-0.2393901,-0.31237057,-0.07443994,-0.06271383,-0.07675545,0.18806827,-0.04153664
0.22489926,0.3524574,0.36040178,-0.040098,-0.10363841,-0.32075766,0.30040768,0.10163562,-0.024843907,0.0,-0.011824183,0.15972014,0.44540045,-0.21252236,2.0991986,0.41655475,-0.06635316,-0.06974453,0.26502827,-0.13693881,-0.03780918,-0.3404798,-0.22320762,0.0,0.066730596,0.6812379,-0.06372687,-0.11162144,-0.7698482,-0.10181939,0.20438068,-0.07817078,-0.15639773,-0.06543853,0.008443851,-0.24205726,0.072853684,0.3674809
0.35103256,0.67069846,0.39713416,-0.040098,-0.11944942,0.2456733,0.05726483,0.09832296,0.15340796,0.0,-0.011824183,0.17964204,0.5442491,-0.18074316,2.1618805,0.5129572,-0.048410956,-0.041996464,0.29827264,-0.12967303,-0.050187096,0.20793074,-0.23288,0.0,-0.081734225,0.6890571,-0.06296888,-0.062443577,-0.14896393,-0.10181939,0.15859011,0.014381006,-0.14303821,0.02467307,-0.018726058,0.15053858,0.31493533,0.4456825
-0.04802031,0.26369083,-0.37661853,-0.010061525,0.01966568,-0.22497532,0.78106934,-0.027166728,-0.036587883,0.0,-0.037548956,0.14029118,-0.3035985,-0.34318015,-1.2367116,-0.23345515,-0.16111661,-0.016706832,-0.07689035,-0.26776353,-0.09164479,0.117510855,-0.20918211,0.0,0.10062769,-1.7698689,-0.114947796,-0.26210487,-0.7668551,-0.33470368,0.063160986,-0.2303372,0.13930513,-0.1167509,-0.04601784,-0.07722829,0.049137518,-0.05484644
0.33487326,0.46100482,0.36409763,-0.03959914,-0.08815815,0.278169,-0.5691211,0.0562347,-0.032888755,0.0,-0.012017829,0.17259032,0.2911015,0.22297335,-0.37072963,-0.11490021,-0.027913839,-0.11924225,0.27241066,-0.10978626,-0.08064562,0.1877473,0.027956355,0.0,0.1139154,0.85548973,0.048189875,-0.11695917,0.38786787,0.114185736,0.18568881,0.39320284,-0.24361224,0.25047585,-0.035634518,0.11448841,0.28535518,0.47462335
0.1843396,0.5005657,0.38424608,-0.031803988,-0.10363841,0.48703316,0.45849973,0.10163562,0.08204755,0.0,-0.011824183,0.11445892,-0.21462423,-0.12476924,1.6069891,0.32002848,-0.06317703,-0.10037965,0.15205362,-0.12939665,-0.051530886,0.19635764,-0.21703738,0.0,0.21228786,-0.6455372,0.07329348,-0.10384019,-0.94114983,-0.16520497,-0.17536804,-0.12055445,-0.18144324,-0.034988023,0.04516502,0.18300259,0.258622,0.37351486
0.26059484,0.61766666,0.36490002,-0.030760713,-0.07219993,0.25722545,0.60763514,0.062414568,0.035886474,0.0,-0.011824183,0.27107483,0.013435469,-0.19916254,2.001344,0.39394492,-0.06641509,0.076492354,0.17319044,-0.10536723,-0.05413606,0.10529124,0.040998362,0.0,0.09826441,0.6243308,-0.09655324,0.37706622,-0.11040243,-0.085221805,-0.3026062,0.0043459386,-0.13914427,0.08876898,0.009394936,0.1743284,0.13555707,0.37531295
0.24473554,0.57028383,0.35738227,-0.03365949,-0.072347134,0.3473528,0.38139373,0.062414568,0.05913219,0.0,-0.011824183,0.15972014,0.53322107,-0.18074316,2.222896,0.5204125,-0.0597185,-0.07286778,0.25757727,-0.110422075,-0.05732034,0.19397119,-0.28463623,0.0,-0.081734225,0.8177426,0.001520854,-0.07257651,-0.76811564,-0.09604781,0.13975483,0.0037599057,-0.15794463,0.04712136,-0.019677144,0.15599269,0.275619,0.43742153
-0.21691495,-0.012310557,0.31966537,-0.019624967,0.022761825,-0.086541995,-0.7129392,0.3542795,-0.025861993,0.0,0.10270936,0.15811086,0.13248035,-0.2757311,-0.6158842,-0.12412406,-0.114695966,-0.2249795,-0.1903424,0.20374733,0.12290507,0.0933377,0.050606854,0.0,-0.0011839829,0.038535982,-0.04369725,-0.87099326,-1.1883737,0.4386626,0.056930218,-0.13564621,-0.38953242,0.12616457,-0.037002157,-0.04079767,0.031865157,-1.1983453
0.24473554,0.5557722,0.33524153,-0.032268062,-0.072347134,0.42293048,0.6071924,-0.10881029,-0.036587883,0.0,-0.011824183,0.16615011,-0.2396395,-0.19179302,2.1364977,0.37067303,-0.06635316,-0.014695838,0.2293187,-0.1526905,0.12914476,0.19397119,-0.30092752,0.0,0.049082242,0.75562155,0.001520854,-0.11432193,-0.7464143,-0.09604781,-0.1651898,-0.11082394,-0.1540507,-0.039089687,0.008443851,0.14550255,0.121671595,0.41820297
0.10086742,0.0054006055,0.29752463,-0.12000678,0.015354704,0.5074552,-0.8078607,-0.02156945,-0.032888755,0.0,-0.037548956,0.062480763,-0.3689607,-0.23731911,-1.0140069,-0.1886864,-0.1576073,-0.23785773,-0.32353264,0.3331812,-0.17906305,0.081079744,0.23404081,0.0,0.18605164,0.43068695,-0.21007162,-0.79388,-1.42292,-0.29395965,-0.16793092,-0.18235934,-0.35565034,0.021255506,0.013904359,-0.18832108,-0.051930383,0.25544208
-0.06732535,0.4117062,0.37835565,0.065437704,0.055939436,0.112975195,0.6601831,-0.0023226133,-0.029487817,0.0,0.10270936,0.13180512,0.25440708,-0.01881061,-0.63306093,-0.16256633,-0.0976466,-0.1592195,0.1610016,-0.16302992,-0.05344603,0.18346068,0.04787565,0.0,0.07257513,-0.31609812,0.15292847,-0.39602077,-1.0433592,0.98492765,0.30930826,-0.15157193,0.2154162,-0.008216801,0.008307146,-0.14269897,0.23287053,0.6014165
-0.16254474,0.3678369,-0.5725449,-0.017288726,-0.02628342,-0.12056678,1.6669801,-0.036502723,-0.01189495,0.0,-0.012017829,-0.58165205,0.32399732,0.14990802,-0.41522512,-0.054400146,-0.06555596,-0.09747985,0.24450193,0.584101,-0.047151648,-0.12580937,0.1423771,0.0,0.05645878,0.89967096,0.09675227,0.6629847,0.32204986,-0.20491251,0.14147376,0.3415811,-0.22424616,0.17915486,-0.016299605,0.22463259,-0.022194216,-0.87468225
0.10086742,-1.5751212,0.38907018,-0.0826287,-0.16443382,0.49391988,-0.18914853,-0.02156945,-0.0541808,0.0,-0.037548956,0.051546425,-0.45558822,-0.24836895,-1.132415,-0.18125305,-0.22595873,-0.22993515,0.13139658,-0.21467356,-0.09549372,0.08280887,0.17407338,0.0,0.06607531,0.29089463,-0.1695996,-0.52476346,-1.3154593,-0.3272723,-0.16793092,-0.26451227,-0.1838616,-0.15199102,0.041558526,-0.1819838,0.109794706,0.30792668
-0.101117656,0.15254208,-0.42652032,0.039816722,0.043622013,0.41276583,1.2561554,-0.0074239997,-0.021905793,0.0,0.03391501,0.11196535,0.3117853,-0.2202298,-0.40115833,-0.13408682,0.2901644,0.16966644,0.26410332,0.39407825,0.14635941,0.12679352,0.22942357,0.0,0.07414768,0.74697644,0.09342118,-0.5222259,-1.1982836,0.6294994,-0.1322601,-0.09678411,-0.3152119,0.03523835,0.043818906,-0.19170214,0.13334584,-0.03547755
0.2572947,0.3460721,0.19624764,-0.052962475,-0.072347134,0.51404226,-0.522315,0.09832296,-0.026029963,0.0,-0.011824183,0.15972014,0.2341839,-0.20147252,1.9574878,0.5105616,-0.0597185,-0.07286778,0.25757727,-0.09795821,-0.053465016,0.1611147,0.045796417,0.0,0.15359151,0.6979796,0.001520854,-0.06300479,-0.9487959,-0.094316214,-0.40512446,0.0037599057,-0.24779375,0.05635377,-0.03400361,0.13205709,0.24052624,0.41716084
0.2572947,0.62775177,0.35738227,-0.040098,-0.072347134,-0.23444563,-0.22357795,0.09832296,0.15340796,0.0,-0.011824183,0.15972014,0.5442491,-0.18811268,2.2074254,0.45889562,-0.0597185,0.08676028,0.26502827,-0.1857439,-0.03780918,0.1558297,-0.21814364,0.0,-0.078508064,0.5655819,-0.15580311,-0.09788264,-0.7878213,-0.13599145,0.321954,-0.086869285,0.28409386,-0.001609223,-0.02531897,0.18233788,0.25167507,0.41694716
0.2692744,0.5457211,0.4124013,-0.004786917,-0.08815815,-0.008356309,0.90669656,0.062414568,-0.02583831,0.0,-0.011824183,0.1755841,-0.18441193,-0.18074316,1.5938866,0.36032504,-0.046755854,-0.06829518,-0.27622116,0.29766953,-0.13188528,-0.3404798,0.19058417,0.0,0.13204096,0.60299766,-0.036337055,-0.14224946,-0.24329536,-0.07219328,-0.20052311,-0.035743427,-0.21505527,0.004073549,0.008443851,0.3259585,0.07452711,0.29783726
0.3451028,0.8554755,0.30876255,-0.09302728,-0.08815815,-0.18465471,-0.45458245,0.10523748,0.08363068,0.0,-0.011824183,0.27513278,-0.30146196,-0.22533724,2.0476363,0.4479351,-0.055045612,-0.06978071,0.19414291,-0.111462355,-0.043332107,0.17442867,-0.2095592,0.0,0.09810356,-0.1761299,0.038178097,0.48196203,0.31822675,-0.10181939,0.14124916,0.030475374,-0.21596463,0.06454729,-0.02789054,0.3148583,0.31333545,0.36728045
0.35103256,0.74170625,0.35738227,-0.038287483,-0.08815815,-0.2635391,-0.4067756,-0.15634696,0.22972205,0.0,-0.011824183,0.15972014,0.20751028,-0.18074316,1.8779824,0.5357604,-0.048410956,-0.045119718,0.32181424,-0.13753927,-0.03780918,-0.34844923,-0.22069722,0.0,-0.0766062,0.6736869,0.001520854,-0.16088676,-0.43994308,-0.24408561,0.21412717,-0.11082394,-0.01554985,-0.040546335,-0.005882617,0.18233788,0.2607047,0.40557113
0.35103256,0.5744768,0.39713416,-0.040098,-0.11944942,-0.24374495,0.28493235,-0.1530343,0.14637426,0.0,-0.011824183,0.15972014,0.3802862,-0.19179302,1.9168159,0.4588065,-0.055045612,-0.022211447,0.29827264,-0.10188499,-0.03780918,0.19397119,-0.23177373,0.0,0.066730596,0.67301685,-0.06372687,-0.11931166,-0.434663,-0.10181939,0.23134539,0.014381006,-0.15794463,0.025398392,-0.019677144,0.18493932,0.31195372,0.40362093
0.2868122,0.79166955,0.39713416,0.04035629,-0.11944942,0.033073522,-0.015101939,0.09832296,-0.06632525,0.0,-0.011824183,0.17964204,-0.32824805,-0.18074316,2.1721013,0.4595313,-0.050142348,-0.0804561,0.0007340349,-0.205677,-0.07184524,-0.17313969,-0.22069722,0.0,-0.092220455,0.1797313,0.10718809,-0.16876477,-0.045808904,-0.13599145,0.17365558,-0.041890807,0.111692935,-0.060232714,-0.014079733,0.39032716,0.3033093,0.34357575
0.27813268,0.7406246,0.34760454,-0.038287483,-0.07219993,0.17940731,-0.3685699,-0.15634696,0.14795738,0.0,-0.011824183,0.25521088,0.22147988,-0.19179302,1.904006,0.4741544,-0.06641509,-0.042357452,0.104494944,-0.1735265,-0.050187096,-0.37815914,-0.19482285,0.0,0.10542466,0.64144343,0.006463316,0.38561928,-0.50400615,-0.27825767,0.17090182,-0.11082394,0.2247274,-0.07461569,-0.005882617,0.14793715,0.26960868,0.4476327
0.31562924,0.85813653,0.39713416,-0.09302728,-0.11944942,-0.22465307,0.12018606,0.09832296,0.16539533,0.0,-0.011824183,0.17964204,-0.3154316,-0.22533724,2.1987967,0.47762686,-0.055045612,-0.054369792,0.11431903,-0.111462355,-0.05590862,0.18239811,-0.23543358,0.0,0.050524987,-0.17627202,0.041785363,-0.1321644,-0.10210866,-0.10181939,0.14124916,0.037538584,-0.15844811,0.020132001,-0.019677144,0.3472903,0.30603135,0.31689072
-0.35628277,-0.48787066,-0.42670903,0.016876,0.062078454,0.020922158,0.17674115,-0.058699407,-0.017227348,0.0,-0.037548956,-0.5181911,0.07661234,0.06776846,-0.7503556,-0.13523425,-0.18903594,-0.2941955,0.07357815,-0.47950065,-0.015880933,-0.10828825,0.0791734,0.0,-0.31033978,-1.1836472,0.03873638,0.20571832,-0.3345334,-0.3523099,0.06442446,-0.15550749,0.11346087,-0.10373753,-0.014342094,0.21354362,-0.16623548,-1.165266
0.23794544,0.27802143,0.31713313,-0.030178245,-0.0925923,-0.2022804,0.0039401874,-0.02156945,-0.11114119,0.0,-0.037548956,0.14434913,0.07892081,-0.34318015,-1.2254751,-0.22098336,-0.16398293,-0.30344385,-0.083425045,-0.36113742,-0.08637754,-0.15888573,-0.21443152,0.0,-0.2392476,-1.44785,-0.114947796,-0.24141937,-1.0976354,-0.3986017,0.2107475,-0.31876677,0.1779375,-0.11030018,0.0060467673,-0.07203178,-0.19384271,-0.14049631
-0.10916509,0.41532028,0.24207675,0.032353237,0.050172247,0.21862921,-0.38606417,0.014008262,0.06619911,0.0,0.018049244,0.2743257,0.24071474,0.26824388,-0.3401157,-0.08831734,-0.08247848,-0.014700796,0.2896002,-0.15612786,-0.025586212,0.18932718,0.14073114,0.0,0.09365049,0.70198894,0.04542108,0.5845033,1.7445785,0.48060215,0.15936056,0.15960853,0.14987838,0.106156744,0.07952586,-0.07265728,0.252612,0.6371826
0.74445766,0.034392256,0.14415139,0.051978298,-0.021316499,0.07632829,-0.45575076,0.014008262,0.056113217,0.0,0.018049244,-0.7648967,0.24038301,0.25440624,-0.39217535,-0.06425031,-0.05933424,-0.07287273,0.32349497,-0.29639578,-0.0025919005,0.156161,0.1335894,0.0,0.16921273,0.71594036,0.010835393,0.32346,1.5348405,0.4645021,0.070329495,0.2161489,0.33950338,0.037080586,0.08146747,0.28430003,-0.23262408,-0.9990092
-0.3162615,-0.843732,-0.30381215,-0.02907307,0.23956081,0.06802495,1.1992869,0.011685194,0.025862308,0.0,-0.004357921,-0.42936346,0.320163,0.25633958,-0.19352683,-0.045001622,0.19118363,0.046192616,0.12071711,0.56048226,0.037493393,0.08694295,0.13561127,0.0,0.04863169,0.5598746,0.034425534,0.57868814,1.0981836,0.37305236,0.06091413,0.2390281,0.25874603,0.09708031,0.032106828,0.20001644,-0.027464645,-1.0353253
0.22489926,-1.4714922,0.41121092,-0.0826287,-0.16443382,0.19842693,0.3562706,-0.0023226133,-0.029487817,0.0,-0.037548956,0.051546425,-0.51166934,-0.24836895,-1.0530349,-0.16552356,-0.2305389,-0.22993515,0.12414655,-0.26955357,-0.112249374,0.11168109,0.19078736,0.0,0.0635153,0.28496313,-0.1713254,-0.48026568,-1.1948515,-0.36144435,0.20630687,-0.21531074,0.15587857,-0.097035795,0.008307146,-0.1819838,0.15139449,0.35637382
0.33349472,0.35544923,0.39780965,-0.047181323,-0.08815815,0.33081156,0.9307415,0.062414568,-0.021905793,0.0,-0.011824183,0.1755841,0.04027541,-0.20147252,1.4491009,0.4474848,-0.0385513,-0.06829518,0.29827264,-0.119540945,-0.053648286,-0.13185668,0.27816048,0.0,0.14912137,0.81035656,-0.0708235,-0.07531977,-0.11634431,-0.15131575,0.067329034,-0.06817503,-0.14538525,0.004073549,-0.019677144,0.13999294,0.27213407,0.41349766
0.05493669,0.38624182,-0.4472082,-0.10027759,-0.10363841,-0.080529675,-0.18517055,-0.02156945,-0.089849144,0.0,0.10270936,0.07591331,-0.29759693,-0.21658975,-1.018928,-0.15918231,-0.121305645,-0.23473448,-0.26225957,0.2804787,0.21963346,0.07551814,0.16442946,0.0,-0.21881078,0.3949465,-0.018111423,-0.64359397,-1.499456,-0.026571896,-0.405329,-0.07997466,-0.32489628,0.22018212,-0.04601784,-0.24020006,-0.04935266,0.28031215
-0.15966953,0.46276316,-0.2660446,-0.018327486,0.0885984,0.21862921,-0.3908193,0.017282473,0.050405458,0.0,-0.0065985243,-0.41163096,-0.39747995,0.25633958,-0.32599986,-0.05368338,0.015154155,-0.06749974,0.23293847,0.57443714,0.17775089,0.070836075,0.07827157,0.0,0.067307755,0.7150902,0.053897455,0.62641895,1.4461977,0.4605344,0.14050668,0.12148747,0.22719301,0.100921236,0.07952586,-0.0370697,0.027967853,0.6758013
-0.18995039,0.27957422,-0.511019,0.027211757,0.12751302,0.20823349,-0.28261083,0.098741435,0.12445985,0.0,0.01192042,0.37880802,0.24384877,0.20553102,0.28056657,-0.068280876,0.112959266,0.08358112,-0.2531134,0.61465186,0.19550242,0.17527527,0.16720322,0.0,-0.08916894,0.6347486,0.046387058,0.33452022,1.1278065,0.25997502,0.1493129,0.09149647,0.32914868,0.06906375,0.07952586,-0.059684627,-0.04394242,0.6393139
0.22489926,0.33746874,0.33826104,-0.04480363,-0.10363841,0.4594914,0.26348907,0.10163562,0.04964217,0.0,-0.011824183,0.15972014,-0.26549983,-0.21252236,2.1285355,0.41655475,-0.06635316,-0.06974453,0.25757727,-0.12772273,-0.057264775,0.16908413,-0.24049756,0.0,0.047744572,0.6856364,-0.06372687,-0.0807998,-0.83714056,-0.094316214,-0.2299527,-0.07817078,-0.18025456,0.034523576,0.008443851,-0.17442378,0.25630397,0.4093158
-0.19228077,0.444441,0.3171778,0.032353237,0.13415006,0.17433298,-0.07751536,0.014008262,-0.025277747,0.0,0.018049244,0.40631592,0.26583397,0.23325509,-0.3212751,-0.07675155,-0.019897217,-0.064376496,0.28280693,-0.17720251,-0.025586212,0.15534267,0.18935595,0.0,0.13323799,0.7802442,0.037166968,0.43240803,1.6499882,0.48598856,0.15936056,0.18958618,0.22945224,0.11706775,0.022436159,-0.14858115,0.13118564,0.6312618
-0.41078046,0.19983716,0.35263374,0.025312478,0.13247994,0.33656028,0.66875213,0.107596755,-0.01528929,0.0,0.01192042,0.31082514,0.36374816,0.21618943,-0.37395033,-0.1107701,0.12278181,0.0488529,0.28280693,-0.22760771,-0.05705207,0.13787955,0.23896317,0.0,-0.19069265,0.95561105,0.07037119,-0.09357524,0.70663804,0.5485577,0.17662635,0.14754058,-0.20617087,0.10106646,-0.018938523,-0.016397525,0.21033432,0.006394591
0.21315664,0.4808692,0.47429386,-0.0955597,-0.10363841,-0.2613593,0.0346664,0.09832296,0.22972205,0.0,-0.011824183,0.15972014,0.13034691,-0.18074316,1.9054021,0.45296192,-0.0597185,-0.06974453,0.28856987,-0.10181394,-0.03780918,-0.13185668,0.19758491,0.0,0.20314427,0.66078436,-0.044021506,-0.116823375,-0.91483533,-0.10181939,0.29570636,0.03000709,-0.1340878,0.0070617814,-0.019677144,0.18572438,0.23950168,0.41461012
0.30157274,0.40415114,-0.332105,0.014168361,0.06627888,-0.12638819,0.101057336,-0.14943244,-0.037201587,0.0,-0.011824183,0.29984862,0.29699144,0.23071544,1.5519986,-0.09404333,-0.13451771,0.7991163,-0.16821171,0.6511254,-0.048676223,-0.12373407,-0.11938094,0.0,-0.12896797,-0.9199072,-0.032693174,0.41618338,0.23049074,-0.25919792,0.26951787,-0.064001374,0.27258646,-0.15908521,-0.01628371,0.43180525,-0.006867327,0.127363
0.27348688,0.5086707,0.24240583,0.014168361,-0.062007688,-0.16322315,-0.30713654,-0.14943244,-0.042101286,0.0,-0.011824183,0.27799255,0.22641562,0.19117618,1.8293097,0.39007163,-0.14315519,0.47839513,-0.15491204,-0.18242171,-0.039185844,0.04374264,-0.19482285,0.0,0.11911066,-0.79817384,-0.04141358,0.54106474,0.25020918,-0.13266861,0.27352956,-0.105412826,0.17931561,-0.042883456,-0.0259719,0.3982408,0.2905015,0.305819
0.72551644,0.5379386,-0.47252902,0.025040092,0.04012842,-0.1971303,0.2890072,0.017183766,-0.041632265,0.0,-0.0123988055,0.22859478,0.073556095,0.24436428,-0.7970944,-0.066777505,0.3618259,0.3139143,0.32001442,0.90036255,0.10525633,0.23807928,0.09732027,0.0,-0.10786775,0.8634014,-0.028315622,-0.18900327,0.24824765,-0.2842793,0.15647648,-0.020742675,0.3019623,-0.073983744,-0.012081715,0.37513226,-0.06624115,-0.13668975
-0.28434563,0.33572364,0.25776926,0.013412746,0.02931206,0.07558593,1.1138755,0.008410984,-0.01189495,0.0,0.018049244,0.39009017,0.18110482,0.22220467,-0.2547158,-0.057745665,-0.053817227,-0.037736297,-0.31430376,0.5786187,-0.08069857,0.15534267,0.1835651,0.0,0.11216245,0.65128696,0.027565882,0.3956163,1.2738383,0.4130718,0.051243756,0.20122376,0.3422393,0.06383936,0.024377774,0.20446968,-0.08060229,-1.0422909
0.2311353,-1.7979352,0.34538952,-0.0826287,-0.12725604,0.4301573,-0.7779392,-0.08276451,-0.0541808,0.0,-0.037548956,0.13624845,-0.6056227,-0.21989188,-1.1055547,0.41591907,-0.27631727,0.027601745,-0.009775786,-0.22785144,-0.071602054,0.11042828,0.23404081,0.0,0.037972026,0.19802067,-0.08123194,-0.19286206,-0.7214024,-0.35112593,-0.15352869,-0.29648703,-0.22061776,-0.1329419,-0.002795387,-0.18503629,0.111837,0.3707374
-0.33265635,-0.8638111,-0.40570548,-0.031869695,0.21582958,0.37108594,-0.4511195,0.014008262,-0.0541808,0.0,0.01192042,0.23917198,-0.41406307,0.22723985,-0.40859053,-0.074117385,0.19769648,0.08262357,-0.08876896,-0.21634044,0.20442611,0.11680966,0.28582495,0.0,0.12511757,0.6012687,0.06867328,-0.19739354,1.5309294,0.5330839,0.15577014,0.175282,0.25303444,-0.2634793,0.07952586,0.002425097,0.08862209,0.54178745
-0.16818786,-0.9961571,-0.43322924,0.03180708,0.21582958,0.3063426,-0.4081657,0.11319403,-0.032888755,0.0,0.01192042,0.23992369,0.43676633,0.23325509,-0.2739033,-0.07008189,0.19769648,0.08739127,0.029730946,-0.18782265,0.17190488,0.110273674,0.21721978,0.0,0.1098439,0.5077572,0.047633886,-0.17479402,1.5397451,0.427581,0.085627824,0.19144714,0.31524822,0.32532138,0.07952586,-0.07951446,0.21173334,0.6350681
-0.5170595,-0.04469614,-0.65385216,0.044726495,-0.131026,-0.04497198,-0.7138298,0.014008262,0.04031957,0.0,-0.0065985243,-0.8107525,-0.41482756,0.048029363,-0.5028785,-0.110844865,-0.06682784,-0.0808332,-0.3722531,-0.2648272,-0.085278384,0.08816797,0.07112983,0.0,-0.20439853,0.58890986,0.010835393,0.4190228,1.1718723,0.047792085,0.11160865,0.030312516,-0.27976283,0.14011846,-0.043953773,0.18942308,-0.23262408,-1.3428674
0.7661194,0.4052237,-0.3951418,0.11721261,-0.015523723,-0.15875012,-0.035843078,-0.042619616,0.058556385,0.0,-0.004357921,0.43408254,-0.33376783,0.24973382,-0.5880983,-0.06355256,0.17488584,0.104507655,0.24867536,-0.32019615,-0.016394645,-0.14949873,0.10333347,0.0,0.09187477,0.7590875,-0.021091696,0.42372903,0.6554266,-0.2530224,0.07461261,0.24049558,0.18206806,0.16868526,0.030149318,0.31629515,-0.20036232,-0.71593714
-0.24933022,0.26711658,-0.39606383,0.08163206,-0.0001329584,0.0016027829,1.0228615,0.008410984,0.031687815,0.0,-0.012017829,-0.32074797,0.34323785,0.12520877,-0.41667596,-0.063432336,-0.16714881,0.84431446,-0.10510495,0.6651253,0.15364254,0.15414166,0.11682636,0.0,-0.09317588,-0.92266965,0.09496078,0.6520637,0.3877325,0.6216202,0.15245171,0.30549312,0.31760868,0.035636336,-0.014039227,0.20369363,-0.076554246,-0.8824302
-0.1506191,0.38182774,-0.27327618,-0.027841758,0.09285545,0.20787767,0.7096306,0.008410984,0.030241923,0.0,0.01192042,0.23005885,0.16469757,0.25719348,-0.22414348,-0.0914505,0.13263613,0.07234298,0.15364668,-0.31306294,0.12602244,-0.17874661,0.19254716,0.0,-0.17976943,0.888493,0.037166968,0.5380952,1.4079916,0.35426807,0.08694406,0.18844764,0.20672299,0.22670496,0.030165214,-0.122555695,-0.20621309,0.5747941
0.23578057,0.21919966,0.37471953,0.015024534,0.05608664,-0.21524227,0.6635279,0.039903823,-0.02505161,0.0,-0.012017829,0.21084145,-0.3733034,0.2484966,-0.25562185,-0.110667095,-0.080573305,-0.15169871,-0.007633781,-0.15028392,-0.080134474,-0.18814638,0.18946962,0.0,0.2019468,-0.6077581,0.13898842,-0.14209603,-0.19226721,-0.25779045,0.28486413,0.7209305,-0.1596586,0.28179246,-0.021198902,0.14297593,0.23363282,0.35094765
-0.35674927,0.14083531,-0.5701675,-0.032945324,0.0993581,0.37932163,-0.1732391,0.014008262,0.14796376,0.0,0.018472413,0.21912247,0.27370793,0.22723985,-0.39704493,-0.07128903,0.1788815,0.08469894,0.24939345,-0.36597708,0.17735216,0.15789872,0.29259077,0.0,0.16825461,0.79075533,0.07504792,-0.16545866,0.81593305,0.59524614,0.24206743,0.029045362,0.09015815,-0.028823897,0.022436159,-0.015487991,-0.18844402,0.64167607
-0.39585078,0.46209005,-0.2709919,-0.035136264,-0.131026,0.07386537,1.3759606,0.011685194,0.025862308,0.0,-0.0065985243,-0.42627314,-0.32071266,0.24528915,-0.3565665,-0.04927253,-0.010809798,-0.076065496,-0.29428405,0.7113404,0.052424632,0.07759025,0.13263655,0.0,-0.101437785,0.6526023,0.06612168,0.6487829,1.2514906,0.082885265,0.04074771,0.21437271,0.3422393,0.1324716,0.024377774,0.19393036,-0.021199616,-1.0602074
0.35103256,-1.0999568,0.4154208,-0.04114749,-0.18024483,0.3913795,0.26865426,0.10163562,0.06461598,0.0,-0.011824183,0.15972014,-0.26649085,-0.21252236,2.0669658,0.41655475,-0.09473579,-0.06494519,0.15601617,-0.14035212,-0.05245869,-0.01159334,0.123317994,0.0,0.06223555,0.40404665,-0.06642805,-0.06853157,-0.45417213,-0.09234523,-0.1594071,-0.14997691,-0.16530623,-0.042085685,0.008443851,0.15488237,0.12094447,0.37852457
-0.30412787,0.23360999,-0.31080866,0.08181656,-0.035380043,0.023676492,1.3920605,0.008410984,0.031687815,0.0,-0.0065000933,-0.40016595,0.31034636,0.14990802,-0.41465735,-0.05159227,0.1932461,0.19220303,0.24323256,0.63675904,0.05236639,0.22142209,0.19217123,0.0,0.10232473,0.8832841,0.09182629,0.6427235,0.43897137,0.057369255,0.101334214,0.16461098,0.3372475,0.118864216,-0.014039227,0.20369363,-0.07785395,-1.0408963
-0.18815571,0.4595646,-0.22224143,0.018107314,0.093565315,0.078254834,-0.51107544,0.014008262,0.14795738,0.0,-0.004357921,0.37880802,0.2499543,0.2105662,-0.57687265,-0.090121314,0.15068752,0.09937897,0.29038087,0.5274227,-0.01568359,0.14076638,0.10310085,0.0,0.062037036,0.87921447,0.092453256,0.5137185,1.1256231,0.06360823,0.1415457,0.08240543,0.40622097,0.025817579,-0.043937877,-0.13682169,-0.04735238,0.61150795
-0.41457483,-0.0661012,-0.54972583,0.018107314,0.000713476,-0.15660182,-0.29631215,0.014008262,0.056113217,0.0,-0.004357921,-0.49280974,-0.42256027,0.0046643037,-0.56582886,-0.10905152,0.15982968,-0.07140794,0.012647156,-0.29844418,-0.0036104023,-0.15286517,-0.065451324,0.0,0.22873211,-1.4245434,0.021769395,0.5957845,0.4508622,-0.2566538,0.064957514,0.04051981,0.14677458,-0.070887566,0.032106828,0.21579412,-0.24087808,-1.2802348
-0.39914137,0.37411314,-0.22494641,0.09331529,0.07270513,-0.04737722,0.41705444,0.008410984,-0.019323569,0.0,-0.0065985243,0.4278204,0.34386358,0.21618943,-0.5070781,-0.07578403,-0.06359091,-0.0808332,-0.21993706,-0.34495878,-0.08222827,0.16599646,0.12209259,0.0,0.27657107,0.7639653,0.026334912,0.6197194,1.008723,0.20716907,0.05205465,0.2473249,0.15577793,-0.11709067,0.032106828,0.20814687,-0.2363118,-1.149087
0.10086742,0.35073054,0.29974186,-0.0803632,-0.072347134,-0.42722926,-0.7688087,0.06316373,-0.11114119,0.0,-0.037548956,0.060836762,-0.2643571,-0.026220402,0.33629346,-0.22755304,-0.14235012,-0.18004823,0.123778805,-0.17687643,-0.07256743,-0.21477696,-0.26335764,0.0,0.039767064,-0.79650354,-0.13001788,-0.24977137,-1.4122915,-0.2414056,-0.4208693,-0.26315737,-0.22123165,-0.056079745,0.013904359,-0.361677,0.048280578,0.11525584
-0.03882401,0.45397475,0.4210085,0.11721261,0.04012842,0.08342531,0.22256185,0.017183766,0.13140045,0.0,-0.0065000933,0.21540782,0.23442255,0.21121189,-0.6595896,-0.07649893,0.20147419,0.3139143,0.2531893,0.6847461,0.025546439,0.21319222,0.21197356,0.0,-0.14432116,0.87691176,-0.047339033,-0.12886137,0.41509447,-0.23275545,0.20684642,0.08022457,0.27720013,0.17488024,-0.018938523,-0.140255,-0.037625507,0.6822782
-0.18815571,0.4561618,0.3401496,0.010770349,0.13415006,0.1516976,0.33377534,0.017183766,0.14637426,0.0,0.032872897,0.19025224,0.23791958,0.22226231,-0.5998214,-0.07100319,-0.06148956,-0.07729305,-0.41847017,0.47022986,0.24094296,0.17815763,0.21197356,0.0,0.11656136,0.6652444,0.18840972,-0.08884053,0.44224393,0.8099541,0.27304932,0.26785055,-0.27973488,0.07263978,-0.018938523,-0.140255,0.14608598,0.63793445
-0.18108763,0.25876284,-0.25136966,0.042634565,0.093565315,0.08272355,0.44767994,0.008410984,-0.016672082,0.0,-0.0126582105,0.35365245,0.2727401,0.19951577,-0.47805324,-0.07020163,-0.06691575,-0.053085133,-0.41847017,0.8240807,0.18312013,0.1612421,0.13817622,0.0,0.17154358,0.7858163,0.13718128,0.5292902,1.3255489,-0.23825932,0.14024478,-0.10334108,0.32146648,-0.06992657,-0.01628371,-0.14984739,-0.039900966,0.64466715
0.27449906,0.70090103,0.40638676,0.023322146,-0.11944942,-0.23146467,0.25462794,0.09832296,0.22972205,0.0,-0.011824183,0.092191935,0.19690071,-0.004602829,1.700558,-0.15029818,-0.076800786,-0.12215298,0.10547413,-0.13806276,-0.053111844,0.17751345,-0.27504265,0.0,0.06759693,-0.6736025,0.06764062,-0.18378064,-0.10529423,-0.16520497,0.14733471,-0.041692317,-0.18445608,0.020132001,-0.04827822,-0.20814636,0.18688749,0.23016904
0.27449906,0.61700326,0.40638676,0.029869812,-0.114620015,-0.21017788,0.51622176,0.10163562,0.14637426,0.0,-0.011824183,0.08075866,0.1939602,-0.026220402,1.5074358,-0.19727746,-0.076800786,-0.17695934,0.117448404,-0.1929428,-0.053111844,0.19438961,-0.25857803,0.0,0.052555382,-1.0304363,-0.056391668,-0.13861126,-0.25310054,-0.19937703,0.23764525,-0.06661388,0.28678936,-0.039140984,-0.022519926,-0.20814636,0.19280984,0.24145325
0.20326231,0.20439696,0.33216044,-0.03228933,-0.06803616,-0.26056588,-0.64692247,0.09832296,-0.11114119,0.0,-0.011824183,0.072270036,-0.025203597,0.0064470246,1.3706362,-0.18761551,-0.0629564,-0.24519694,0.07290173,-0.21134447,-0.06918772,0.083240286,-0.2603063,0.0,-0.23733208,-1.7164149,-0.10401284,-0.24615096,-0.6764605,-0.16520497,0.13598754,-0.19670872,-0.26300776,-0.089044265,-0.07593238,-0.5212549,-0.24812558,0.16887091
0.27449906,0.6859455,0.36663494,-0.09302728,-0.08815815,-0.2437204,-0.32760906,0.09832296,0.22972205,0.0,-0.011824183,0.13438082,0.029081965,-0.12476924,2.0633867,0.6825698,-0.048410956,0.027371582,0.10547413,-0.205677,-0.029220171,0.22200903,-0.2603063,0.0,-0.1130947,-0.6372021,0.041785363,-0.20955059,-0.04974728,-0.13599145,0.17731303,-0.10777171,0.24305922,-0.010303251,-0.030916382,-0.19987716,0.16405356,0.2804127
0.1840613,0.27895045,0.32777455,-0.02993322,-0.07219993,-0.19656135,0.64169854,-0.027166728,0.07480708,0.0,-0.037548956,0.076700725,0.022931691,-0.35423,-1.3012351,-0.21097577,-0.1863305,-0.19498381,-0.14656922,-0.26488483,-0.08893434,0.15419653,-0.34246817,0.0,0.052706636,-1.3085365,-0.11225572,-0.21871701,-0.4765152,-0.33470368,0.15488766,-0.23538098,0.22112057,-0.2430149,-0.01628371,-0.18781325,-0.0936839,0.21202393
0.18572448,0.371626,0.32777455,-0.030373257,-0.06803616,-0.24583508,0.39107752,-0.015251398,0.07480708,0.0,-0.037548956,0.076700725,-0.014843879,-0.35423,-0.8529587,-0.22852543,-0.17533135,-0.2998546,0.07290173,-0.29588395,-0.08893433,0.1248775,-0.34246817,0.0,0.012287036,-2.1299925,0.009052301,-0.21871701,-0.5699183,-0.30486363,0.11049791,-0.30365282,0.22457558,-0.078545116,-0.022519926,-0.23990116,-0.03816625,0.18912844
0.20159914,0.605259,0.32777455,-0.028543783,-0.07219993,0.2754144,-0.4581223,0.020656988,0.22972205,0.0,-0.037548956,0.08075866,0.036482096,-0.34318015,-0.6784727,-0.24829313,-0.1506826,-0.21674624,-0.09439476,-0.33789256,-0.09147927,-0.24952835,-0.2603063,0.0,-0.17569631,-0.9824976,-0.06321858,-0.16575952,-0.47759143,-0.3483822,0.09068723,-0.29942673,0.15239218,-0.12863693,-0.043937877,-0.22760317,-0.147602,0.286729
0.18397562,0.29252714,0.36752638,-0.015981458,-0.09251233,-0.24814041,0.10931894,-0.02156945,0.22972205,0.0,-0.037548956,0.08075866,0.038662564,-0.35423,-1.2168926,-0.25657144,-0.18894094,-0.30344385,0.010190651,-0.29436547,-0.09037581,0.10800134,-0.27504265,0.0,-0.011637468,-1.8856163,0.014259776,-0.2011986,-0.6051121,-0.36442965,0.14342466,-0.22142291,-0.18445608,-0.06515755,-0.04827822,-0.19702128,-0.11394589,0.16431637
0.23107274,0.7894287,0.28361213,-0.03639903,-0.07219993,-0.20306116,-0.347265,0.10523748,0.14795738,0.0,-0.011824183,0.27513278,0.20897965,-0.18074316,1.780724,0.44764,-0.05978043,-0.014695838,0.104494944,-0.18523522,-0.041308545,0.19993886,-0.23443192,0.0,-0.09764783,0.712408,-0.012318293,0.5295404,0.14684883,-0.13266861,0.1359899,0.022943873,0.26459786,-0.16504943,-0.02480331,-0.22970775,-0.21798757,0.2625504
0.20159914,0.79153967,0.32245415,-0.03639903,-0.07219993,-0.1870257,-0.3503928,0.09832296,0.14795738,0.0,-0.011824183,0.27513278,0.20897965,-0.19916254,1.9991387,0.3591934,-0.06814648,0.076492354,0.0754818,-0.18678418,-0.053885058,0.19993886,-0.23443192,0.0,0.078069806,0.56247103,-0.012318293,0.5295404,-0.072194554,-0.13266861,0.17817643,-0.08258754,0.08266564,-0.044738226,-0.02288467,-0.19987716,-0.24812558,0.26429355
0.27692944,0.5215716,0.34819874,-0.07354568,-0.07367155,-0.19769332,0.7341591,-0.101895764,-0.018878711,0.0,-0.0062782206,0.297118,-0.24393219,0.18884738,1.3106407,0.28092,-0.22850043,0.099641636,-0.20054503,-0.11578959,-0.05279769,0.09017389,-0.0076264553,0.0,0.10093938,0.23379451,0.038178097,0.4806371,0.3266792,-0.21937042,0.07504402,0.17282292,-0.15543889,0.07865182,-0.012612987,0.32048562,0.26196116,0.33052787
0.20319676,-1.6470287,0.27261567,-0.04114749,-0.12360463,-0.4018602,-0.50881815,-0.15634696,-0.0541808,0.0,-0.011824183,0.116326556,-0.52184594,-0.21989188,1.5285094,0.45899987,-0.14990224,0.064074874,0.0651022,-0.12999639,-0.053280197,-0.05320604,-0.28513557,0.0,0.037972026,0.16457525,-0.0011803242,-0.21316724,-1.0329306,-0.23461145,-0.34399426,-0.14374015,-0.22895147,-0.07416975,-0.005882617,-0.38392144,-0.16794458,0.1618564
0.2311353,-1.7638174,0.27261567,-0.03644186,-0.12725604,-0.35340402,-0.64053476,-0.15634696,-0.0541808,0.0,-0.011824183,0.13624845,-0.11739413,-0.21989188,1.5797497,0.41591907,-0.17000414,0.077591754,0.04848989,-0.13349567,-0.046625316,0.0190669,-0.28513557,0.0,0.036422193,0.19684944,-0.1625488,-0.23893718,-0.50371516,-0.23461145,-0.5325304,-0.14863236,-0.22061776,-0.09826309,-0.002795387,-0.36870992,-0.13642223,0.16967054
0.21910411,0.26780546,-0.45257118,-0.06673753,0.01966568,-0.24961202,-0.60973394,0.014008262,-0.11114119,0.0,-0.037548956,0.21084145,-0.40539488,0.17327513,-1.0996817,-0.16688891,-0.16111661,0.24048969,0.08487601,-0.34153247,-0.09464729,0.09860806,-0.08408481,0.0,0.16292109,-1.816659,0.04595263,-0.2923101,0.059089944,-0.3986017,0.15518834,-0.2201801,0.28084078,-0.22417471,-0.043937877,-0.2848506,-0.019336995,0.18039605
0.004441168,0.08667038,0.25284088,-0.015981458,0.004373096,-0.19737998,-0.7195895,-0.02156945,-0.0541808,0.0,-0.037548956,0.058374815,-0.4775519,-0.33577037,-1.2130188,-0.29388875,-0.1500297,-0.27155262,0.13938385,-0.31246415,-0.09894365,-0.2444869,-0.28513557,0.0,-0.19117479,-1.3083866,-0.007994247,-0.2679354,-0.8541913,-0.3986017,0.15833901,-0.31370974,0.20189548,-0.14608644,-0.07593238,-0.16512376,0.017960971,0.32702187
0.23312284,0.60597295,0.25380024,0.031793717,-0.08815815,-0.24675564,0.63554233,0.062414568,-0.036587883,0.0,-0.0062782206,0.11051996,-0.3072961,-0.27209103,1.4168591,-0.15041468,-0.044951517,-0.079520166,0.23754449,-0.1967186,0.1986392,-0.27454522,0.31742734,0.0,-0.27350864,0.46355808,-0.009610582,-0.14605644,-0.14553037,-0.19360548,0.12781227,0.15208861,0.2612502,-0.08654482,-0.022519926,-0.234857,0.041279484,0.26631212
0.18565896,0.18770523,0.34119442,-0.03174463,-0.06280922,-0.303582,1.1058487,-0.10881029,-0.021905793,0.0,-0.011824183,0.1556622,0.008868114,-0.20884204,1.6745958,0.4555509,-0.09542452,0.09133287,0.21580413,-0.12929107,-0.054459408,0.064760506,0.043192305,0.0,-0.073126554,0.6020965,0.001520854,-0.14520189,-0.79873645,-0.22072226,-0.36723664,-0.10019485,-0.18025456,-0.01626982,0.009394936,-0.36254376,-0.100776374,0.2306483
-0.35628277,-0.5784929,-0.43568262,0.016876,0.062078454,0.027197678,0.1730802,-0.058699407,-0.017227348,0.0,-0.037548956,-0.4770989,0.11516301,0.06776846,-0.8286335,-0.13738668,-0.18445577,-0.2941955,0.105044,-0.47950065,-0.015880933,-0.057524353,0.086241744,0.0,-0.31112555,-1.251157,0.03873638,0.12164426,-0.3199917,-0.3284563,0.08660808,-0.20470901,0.1809265,-0.14645138,-0.016299605,0.21354362,-0.16286495,-1.0916579
0.34734762,0.5606286,0.4062437,0.024996877,0.04012842,-0.17277214,0.17432646,0.10628374,-0.033631638,0.0,-0.0042407876,0.37908015,0.2567614,0.21319543,1.173059,-0.0635406,-0.027097028,0.0972615,0.23192813,-0.13778386,-0.023037354,0.06366541,0.15071626,0.0,-0.45316148,0.47346047,0.04277539,0.31139928,0.88499135,-0.07098521,0.25830233,0.1363288,-0.10096843,0.08609962,-0.018938523,0.36885923,0.2537013,0.3741326
0.13636082,0.26612338,0.21722317,0.011302967,-0.0925923,-0.21476394,0.050502293,-0.15634696,-0.11114119,0.0,-0.011824183,0.060836762,-0.3741562,-0.34318015,1.3834771,-0.24414918,-0.0675541,-0.26372176,-0.085620284,-0.22976002,-0.09573691,-0.33235717,-0.26335764,0.0,-0.2392476,-1.4796801,-0.03652849,-0.22104901,-0.9435413,-0.19937703,0.21369952,-0.16561775,0.22128826,-0.061016418,-0.022519926,-0.27284265,0.11003849,0.21875025
-0.41078046,0.44570187,0.35263374,0.033199016,0.13247994,0.0680977,0.49592066,0.008410984,-0.023989625,0.0,0.034624577,0.31082514,0.5534998,0.21618943,-0.5688856,-0.105386734,-0.04944498,-0.0808332,0.29707727,-0.32789728,-0.05705207,0.1854648,0.21710311,0.0,-0.20136617,0.956143,0.07037119,-0.13541983,1.166628,0.19459988,0.17528912,-0.079079434,0.09015815,-0.076060295,-0.01402333,-0.023049224,0.053181246,0.0031838454
0.69489837,0.22891685,0.365621,0.044726495,-0.0815448,-0.15237498,-0.009413229,0.014008262,0.08363068,0.0,-0.0065985243,0.39574617,0.2729886,0.23117727,-0.6840741,-0.075930275,-0.07507685,0.034195703,-0.07141551,0.5233594,-0.012364715,-0.16370034,-0.1692808,0.0,0.19834636,-1.0666919,0.024190266,0.45782268,1.6010268,0.0277819,0.065918334,0.4516779,0.23114549,-0.05376467,0.032106828,0.3169214,-0.07376481,-0.6629347
-0.4277111,-0.14291793,-0.41904804,0.018107314,0.035208188,0.0025405725,-0.14391062,0.017183766,0.031038923,0.0,-0.0065000933,-0.4714152,0.1769755,0.13736671,-0.65692776,-0.06791509,0.22027698,-0.2565695,0.019330952,-0.37359187,-0.013880065,-0.035163168,-0.14239985,0.0,0.00874052,-1.4805366,0.029777303,0.19779979,-0.041840382,0.03210972,0.05440334,0.42484173,0.26437327,0.17443073,0.024377774,0.21085438,-0.21791619,-1.3679315
0.28187674,0.5663365,0.17747131,0.042502377,-0.07367155,-0.24895453,-0.39952087,-0.15634696,-0.043716103,0.0,-0.011824183,0.11445892,0.48557562,-0.12476924,1.8774394,0.7256506,-0.2508104,0.027371582,-0.05706134,-0.13753927,-0.04515679,-0.15139922,-0.21814364,0.0,-0.10045047,-0.40423006,0.11567226,-0.18577972,-0.4105292,-0.24408561,0.2110198,-0.10728312,-0.21626244,-0.07523318,-0.03400361,0.2659016,0.2831974,0.33876184
-0.310831,0.075642735,-0.617132,-0.05768035,-0.02510582,-0.09825534,0.053384494,-0.0023226133,-0.02454489,0.0,-0.037548956,0.13838547,0.23392981,-0.1884506,-1.071308,-0.112931706,-0.16039918,-0.23473448,-0.2610488,0.37739438,0.16125372,-0.047917567,0.07314894,0.0,-0.19811796,0.38309005,-0.058540434,-0.6587337,-0.99674237,-0.057676833,-0.349791,-0.13866319,-0.32133305,-0.11991067,0.006111038,0.018984187,-0.063581936,-1.0201674
-0.33059347,0.08665736,-0.4931105,-0.032945324,0.13827272,0.32913274,0.17878647,0.017183766,0.04964217,0.0,0.01778,-0.36731097,0.19320324,0.15592326,-0.37930065,-0.05786595,0.28311893,0.24437284,0.24997732,0.70082617,0.17735216,0.10227363,0.21181513,0.0,0.12057193,0.65888256,0.17406306,-0.08014594,0.42907786,0.43640205,0.22466944,0.099696964,0.33233568,0.10029232,-0.018938523,-0.0539125,-0.023007648,0.7546718
-0.120338246,0.33202916,-0.2660446,-0.027841758,0.048973903,0.20338053,0.86932635,0.008410984,0.030241923,0.0,-0.004357921,-0.40834042,0.33886623,0.24528915,-0.21535932,-0.08234874,0.13860187,0.07234298,0.14495932,-0.31306294,0.06946877,-0.15521917,0.142753,0.0,-0.18298681,0.8418013,0.037166968,0.5429607,1.3181869,0.35426807,0.079925016,0.19441338,0.20672299,0.22670496,0.030165214,-0.14830902,-0.20963061,0.56636584
0.21364877,0.26979432,-0.16632327,0.0013972828,0.025694154,-0.2966528,-0.29825306,0.0562347,-0.08223814,0.0,-0.0065985243,0.37424165,0.3603129,0.2439137,-0.10737699,-0.0970717,-0.15775067,0.6071626,-0.09374097,-0.24409607,-0.06781959,0.11022967,-0.14139336,0.0,0.06622917,-0.9342006,0.032240797,0.5532772,1.1223818,-0.21772459,0.22669177,0.4016298,0.2777213,0.20745178,0.12472491,-0.3328243,0.23888122,0.38129684
-0.091291785,-0.029728118,-0.6829804,0.018107314,0.010534987,-0.31787518,-0.548191,0.017282473,0.06619911,0.0,-0.004357921,-0.77244014,-0.49214387,0.048029363,-0.7996944,-0.11128844,0.13895217,0.0966167,-0.015206527,-0.47428513,-0.15800032,-0.23164761,0.07369477,0.0,-0.2767145,0.75873417,0.047740508,0.37526542,0.26328132,-0.30944207,0.14600827,-0.004195148,0.09449347,-0.28648558,-0.043937877,-0.2050233,-0.19109762,0.51612484
-0.19228077,0.4076106,-0.22799933,0.09315106,0.17306468,0.22305146,-0.06661531,0.014008262,0.14795738,0.0,-0.004357921,0.37880802,-0.35274452,0.2105662,-0.57619584,-0.06521711,0.15068752,0.10250223,-0.14196798,0.39221072,0.25675145,-0.19558236,0.0887069,0.0,0.10537451,0.6617523,0.053897455,0.4567678,1.3508794,0.038129855,0.15577014,-0.027184932,0.19976628,-0.22093399,0.030165214,-0.14709371,0.13635911,0.64603835
-0.1640628,-0.98605156,-0.54624414,0.03180708,0.22658929,0.27933353,-0.17124875,0.09167588,-0.0541808,0.0,0.018472413,0.23992369,0.25726584,0.22723985,-0.318006,-0.07291659,0.20951083,0.086736,-0.09249017,-0.21181445,0.18698242,0.11294729,0.20587716,0.0,0.14084993,0.5326835,0.0666573,-0.19323745,1.4840695,0.5330839,0.093269795,0.010157667,0.14365478,-0.14316809,-0.01402333,-0.027141545,0.19136417,0.65334994
0.26145655,0.43256772,-0.22224143,0.0765647,-0.0004563108,-0.27562234,0.78864515,-0.10511759,-0.029628284,0.0,-0.004357921,0.30822375,0.13509347,0.2386834,0.26982003,-0.08013063,0.104731865,0.1013844,0.24867536,-0.1950372,-0.095566615,0.076784335,0.14473763,0.0,0.12421526,0.8492383,0.037910677,0.5392001,1.2531877,-0.10957024,0.18376501,0.21109785,-0.14190166,0.09167172,-0.018938523,-0.2575814,-0.19626427,0.27309212
-0.3264684,-1.821881,-0.561424,-0.050711807,0.038562685,0.22914463,-0.27265367,0.017183766,0.14796376,0.0,0.032872897,-0.29140738,-0.7093664,0.1388576,-0.6668876,-0.09465742,-0.14058591,-0.1002603,0.16094969,-0.43203074,-0.09160641,0.028693601,0.08268405,0.0,-0.23556463,0.4627815,0.060223408,-0.12482248,0.04449199,0.65496325,-0.02422042,0.068982,0.19331422,-0.17824133,0.022436159,-0.007560529,-0.2251859,0.562013
-0.15966953,0.43082517,-0.2660446,-0.018327486,0.12751302,0.21862921,-0.36393362,0.017282473,0.06619911,0.0,-0.004357921,-0.41163096,0.36904326,0.24528915,-0.278373,-0.08792809,0.14846867,0.053620595,0.25268036,-0.31724054,0.14686485,-0.20384443,0.09277734,0.0,-0.20478247,0.760952,0.037166968,0.60111785,1.353041,0.53014374,0.17074038,0.18810898,0.12714913,0.042228185,0.12472491,-0.15059558,-0.12774166,0.7648897
-0.09625709,0.41853285,-0.46677116,0.017519813,0.050172247,0.2949544,1.3346635,0.008410984,-0.017469585,0.0,-0.012017829,0.23885778,0.29262555,0.22827755,-0.6970885,-0.092499904,-0.107644826,-0.031777933,0.29507172,-0.18444295,-0.06529763,0.07551814,0.23539601,0.0,0.14761388,0.7756943,0.051347774,-0.13128711,0.41494393,0.11525996,0.15855528,0.4348987,-0.179967,0.19018859,-0.018938523,-0.12401172,0.1162318,0.4480823
0.50034684,0.4100745,-0.27022627,0.02026542,-0.0004563108,-0.16387334,-0.33327988,0.10523748,-0.035139807,0.0,-0.0031396276,0.39199498,0.24674281,0.24973382,0.95440805,-0.06676095,0.09789859,0.04890713,-0.24702147,0.5463041,-0.051380035,-0.22553757,0.1668273,0.0,0.117172174,0.58186716,0.043656446,0.4742832,0.7944401,-0.09332936,0.19814025,0.10226041,0.33597755,0.13489965,0.12472491,0.43331236,-0.07583266,0.12924013
-0.15554447,0.44001904,-0.37905946,0.06293027,0.0993581,0.22305146,-0.113884315,0.014008262,0.06619911,0.0,0.01192042,-0.590954,-0.3778062,0.07575344,-0.33963627,-0.059325956,0.14472178,0.081936665,-0.21400332,0.5799085,0.25675145,-0.0297752,0.27683568,0.0,0.070964076,0.6924603,0.053897455,0.29272276,1.2551067,0.45731658,0.15577014,-0.009637935,0.35412213,0.0014128331,-0.01628371,-0.0021688566,-0.032734513,0.62996185
-0.4685491,0.58754647,-0.39484224,0.18856159,-0.131026,-0.13296348,-0.493555,0.014008262,0.056113217,0.0,-0.0065985243,0.42089558,0.38122994,0.21618943,-0.531373,-0.07827017,-0.07477383,-0.0808332,0.25338364,-0.34495878,0.16352451,0.1577344,0.08563559,0.0,0.29751527,0.86368924,0.021408934,0.6239182,1.0818527,0.19610836,0.070395775,0.2142369,0.33950338,-0.0095731,0.12666653,0.011978742,-0.23262408,-1.3074967
-0.120338246,0.23871705,-0.33706278,-0.01750571,0.048973903,0.20338053,0.5399978,0.008410984,0.030241923,0.0,-0.004357921,-0.35697678,0.33182302,0.23778301,-0.25594753,-0.08160152,0.16316608,0.002010122,-0.013178416,-0.2627609,0.06519503,-0.1375444,0.02401034,0.0,0.10830744,-0.99158126,-0.059522465,0.5656497,1.384273,0.35426807,0.079925016,0.46164364,0.21688187,0.22670496,0.025250021,-0.14830902,-0.20822853,0.5615513
-0.267745,0.35701412,-0.46442875,0.010770349,-0.099406116,0.37932163,0.20266931,0.09167588,-0.08644821,0.0,0.01192042,0.28331727,-0.37344515,0.2105662,-0.521791,-0.065619834,0.13353884,-0.028998945,-0.24231318,0.75980014,0.25675145,0.118547566,0.11946449,0.0,0.12529778,0.6417682,0.16938631,-0.12998222,0.8370779,0.6444366,0.15577014,-0.011409435,0.33164224,0.068538114,-0.01402333,-0.061491586,-0.024679678,0.63268363
-0.49331897,-0.11362484,-0.5358419,0.020954534,-0.131026,-0.20286483,-0.51836866,0.014008262,0.056113217,0.0,-0.0065985243,0.3610547,-0.5172191,0.13947706,-0.93146396,-0.1407324,-0.09970513,-0.15058914,0.0962947,-0.41531494,-0.09641136,0.17775407,-0.04394913,0.0,0.02605365,-1.1826317,-0.05924117,0.5001509,0.816011,-0.26921162,0.09130462,0.04359466,0.22922404,-0.03732936,0.08146747,0.00910949,-0.23766673,-0.9363735
0.30495507,-1.2857821,-0.31166318,0.026060687,-0.061251722,0.36033443,0.8466857,0.107596755,-0.021905793,0.0,0.01192042,0.2765606,0.2899983,0.26039225,-0.2772875,-0.082414605,0.18735921,-0.03166964,0.18148042,-0.27693105,-0.05471806,-0.011600944,0.21845686,0.0,0.14866997,0.6151079,0.034964442,-0.1474096,1.5845591,0.46672294,0.08593252,0.14701313,0.255528,-0.1770766,-0.01402333,-0.10375157,-0.23448175,0.40305135
-0.18815571,0.26516587,-0.22799933,0.01189331,0.17306468,0.22305146,-0.118417785,0.014008262,0.06619911,0.0,0.018049244,0.37880802,0.40508717,0.2105662,-0.43820187,-0.08002646,-0.08611851,-0.07770994,0.29038087,-0.18464564,0.1619424,0.18022972,0.09277734,0.0,0.10566168,0.8846287,0.04542108,0.49786252,1.8823413,0.06125688,0.15547693,0.09164843,0.29166603,0.025817579,0.022436159,-0.1246666,0.12388293,0.6311097
0.12543416,0.28295058,0.3283188,0.033391997,0.01966568,0.12695411,0.62821186,0.008410984,0.035886474,0.0,-0.0065985243,0.37018374,0.113290966,0.23117727,-0.39136544,-0.10355536,-0.097756155,0.08291713,0.079044655,-0.26429078,-0.034048274,0.11849174,-0.22128755,0.0,0.24380642,-1.4807789,0.037448272,0.46779203,1.2282511,0.18663515,0.053692676,0.5616673,0.25377622,0.18560623,0.030165214,0.2571013,0.08420755,0.10813614
0.2449786,0.4866681,0.28513026,0.0595427,-0.104962826,-0.20536979,0.28531787,-0.1530343,-0.036988355,0.0,-0.011824183,0.23424657,0.30856112,0.18624637,1.6602185,0.100673474,-0.25426894,0.0019024871,-0.071123846,-0.21661405,-0.04074891,-0.3817628,0.18940441,0.0,0.15093647,0.12475707,0.15480928,-0.06396374,-0.12837967,-0.27825767,0.30133033,0.037538584,0.2609406,-0.08265058,-0.019864518,0.41474354,0.12572458,0.32128742
0.25472766,0.6397002,0.3003134,-0.030760713,-0.066460624,-0.22886887,0.86705124,-0.10881029,0.032372616,0.0,-0.011824183,0.27107483,0.07549242,-0.19916254,1.757314,0.4014002,-0.13846686,0.08106495,0.26788732,-0.12580901,-0.052982636,0.16908413,-0.25352338,0.0,0.09826441,0.63722986,-0.05802642,0.45048752,-0.15539218,-0.21937042,-0.37781543,-0.110237904,-0.13914427,0.08577994,0.008443851,0.33264112,0.26285046,0.26227832
0.31726825,0.41455054,-0.40297166,0.028153505,-0.0004563108,-0.17612296,0.51385415,0.06932909,0.035671514,0.0,-0.011824183,0.2697922,0.21128894,0.25016445,1.2543316,-0.06311607,-0.041718036,0.18658577,-0.10187967,0.40131837,0.14730917,0.16686416,0.13443327,0.0,-0.20009364,0.07132508,-0.08189207,0.45265707,0.41789788,-0.15241829,0.17375334,-0.060949516,0.214774,-0.015780343,-0.01402333,0.30159247,0.14007267,0.3291864
0.15194415,0.13973966,0.3569676,-0.024651352,-0.10363841,0.33692166,0.33972156,0.22385709,-0.029487817,0.0,0.03391501,0.089918464,0.24648075,-0.23731911,-0.41425824,-0.13541387,0.28355473,0.16490184,-0.23476714,0.5440856,0.26450285,0.14366968,0.19376208,0.0,-0.1070496,0.52523243,0.04454594,-0.4433805,-1.0259869,0.82729524,0.3181001,-0.08126197,0.40488446,-0.021275893,-0.020259548,-0.18352625,-0.0074324794,0.46783695
-0.15787485,-0.7946251,-0.38009557,-0.031192329,0.2554541,0.32089707,-0.44255722,0.091006994,0.14796376,0.0,0.03391501,-0.36731097,0.11367786,0.14990802,-0.4486807,-0.06479416,0.26313955,-0.09884819,-0.045471765,0.8368996,0.15249115,-0.039254714,0.21264298,0.0,0.072791725,0.5186424,0.1476482,-0.100724444,0.23352644,0.5461404,0.17980354,0.023310859,0.30005658,-0.05793012,-0.030719323,0.0325974,-0.0139155835,0.7106007
0.49963945,-1.2677907,-0.46268943,-0.0012174435,-0.11535992,0.19837418,-0.64529425,-0.0018267212,-0.04715404,0.0,0.10270936,0.1605728,0.11866133,-0.24836895,-0.78980887,-0.11470205,-0.1041887,-0.23128532,0.13677624,0.44171256,0.08117652,0.06840545,0.090048075,0.0,0.036522508,0.3016309,-0.04490853,-0.8880201,-1.1707823,-0.04033574,0.23380838,-0.24048886,0.35622764,-0.11782729,-0.031261325,0.28336897,0.1409552,-0.8991186
0.26900244,0.37547317,0.28692198,-0.03182259,-0.066460624,-0.253135,0.47497314,-0.10081294,0.03606743,0.0,-0.0042407876,0.2893721,0.19173865,0.20227434,1.0533135,0.3082,-0.11717664,-0.007764209,0.19919182,-0.2358004,-0.04182546,-0.26747435,-0.07340458,0.0,0.097694695,0.7453695,-0.052589267,0.5719949,1.0609347,-0.24544305,0.19501323,0.04368247,0.22420391,-0.002814143,-0.011645433,-0.23633318,-0.17975807,0.34064326
-0.04047022,-0.0009075096,-0.49927917,-0.025063682,-0.00616143,0.1364784,0.099941455,0.008410984,0.025862308,0.0,-0.012017829,-0.5596405,-0.3591397,0.11875972,-0.9054828,-0.07044979,-0.12904489,-0.2747427,-0.06859144,0.6536309,0.12652501,0.1306529,-0.10832684,0.0,-0.18897104,-1.5307174,-0.101592444,0.2736935,0.0960753,0.0049361996,-0.04234693,0.5074227,-0.24977396,0.15021555,-0.014039227,-0.044985313,-0.06936789,-1.1335522
0.2572947,0.67964077,0.47429386,-0.052962475,-0.10363841,0.25076896,-0.015215971,0.09832296,0.15340796,0.0,-0.011824183,0.15972014,0.48803824,-0.18074316,2.2039337,0.40325487,-0.0597185,-0.06974453,0.28856987,-0.17328003,-0.050187096,0.2248069,0.19345798,0.0,0.15359151,0.6817404,0.001520854,-0.0462039,-0.7096474,-0.13599145,0.18608917,-0.100202836,0.18773645,-0.014668314,0.009394936,0.15053858,0.22557175,0.45284775
0.10086742,0.4301993,0.259872,-0.040098,-0.10363841,-0.2416801,0.37219197,0.10163562,-0.029487817,0.0,-0.011824183,0.15972014,0.345382,-0.21252236,1.8112503,0.1783632,-0.08810833,-0.066982254,0.26502827,-0.13525762,-0.03780918,0.21084735,-0.2684216,0.0,0.12272917,0.65026414,-0.12724881,-0.12721936,-0.98369277,-0.10181939,0.35939145,-0.100202836,-0.06359447,-0.0049855597,0.044213936,-0.35024095,0.13845357,0.23738457
0.1220559,0.43717328,-0.511019,0.03550333,-0.005423233,-0.31787518,-0.3201995,0.0562347,0.12445985,0.0,-0.004357921,0.26000476,0.22178788,0.2847226,-0.13171615,-0.06278513,0.11470498,-0.076065496,0.24867536,0.5306581,-0.14765632,0.050727047,0.09910259,0.0,0.09064042,0.7637687,0.046387058,0.57537216,1.3974514,-0.17845562,0.22466359,0.17210421,0.31135157,0.16468962,0.07952586,-0.24846758,-0.09609047,0.43926215
-0.16199991,-1.0474553,-0.33435813,0.079546496,0.2554541,0.21568699,-0.34808412,0.014008262,0.06619911,0.0,0.01192042,-0.5425583,0.29227284,0.07575344,-0.2708454,-0.061694693,0.18521792,0.085385844,0.1640006,0.5097011,0.18698242,0.08521687,0.20823051,0.0,0.069652244,0.5638722,0.060757115,0.22116874,1.3593584,0.44323957,0.085627824,0.06834129,0.3925629,0.043365046,0.12472491,-0.07265728,-0.07920326,0.7166228
-0.296831,-1.5360191,-0.4570175,-0.0362902,-0.096175455,-0.026448738,-0.5567654,-0.0018267212,0.14796376,0.0,0.03391501,-0.36415246,-0.0035389178,0.1388576,-0.53098303,-0.08090951,0.336279,0.23752977,-0.00865571,-0.43203074,0.08117652,0.15858898,0.20550124,0.0,-0.2234096,0.43490893,0.03881781,-0.2623751,-0.19447312,0.6079226,0.089478455,-0.035178445,0.19149217,-0.12315261,0.08146747,-0.23821454,-0.041644216,-1.3664244
-0.19330391,-0.06963685,-0.35780922,0.102791,0.01966568,-0.21305312,-0.703723,0.014008262,-0.04715404,0.0,-0.012017829,0.19765449,-0.5440053,0.15117317,-1.0789094,-0.16837116,-0.15770614,-0.29050457,0.090350844,-0.3492455,-0.09556629,-0.24096051,-0.16546613,0.0,0.20030135,-1.9035563,0.041055538,-0.29979515,0.12067044,-0.37818283,0.01572385,0.044380967,0.28059143,-0.043158248,-0.043937877,-0.032193456,0.2122592,-0.09211848
-0.053952567,0.41577628,-0.22799933,0.024006885,0.04012842,-0.19365165,0.011938635,0.017183766,-0.03467267,0.0,-0.0065985243,0.37880802,-0.32100305,0.20553102,-0.6342944,-0.06711406,-0.058007985,-0.02540917,-0.16691838,0.61365867,0.17948961,0.15534267,0.09290779,0.0,0.12191515,0.14152987,-0.031047994,0.43507034,1.6193975,-0.2035841,0.10499349,0.15238968,0.25867072,0.17381796,0.017520966,0.3414555,-0.076278366,0.06961992
-0.31120667,0.2338975,-0.3656927,0.079150066,-0.035380043,-0.16140845,1.292532,0.011685194,0.025862308,0.0,-0.004357921,-0.42627314,-0.3110717,0.23966591,-0.3660486,-0.053225975,0.16076392,0.076318815,0.24323256,-0.2627609,0.055884123,0.16617784,0.20180045,0.0,0.17604646,0.81282717,0.010835393,0.6076882,0.933734,0.10960457,0.061255086,0.20483376,0.25993285,0.22517458,0.022420261,0.21041605,-0.18195176,-0.94527835
-0.18815571,0.48146364,-0.25712752,0.17413998,0.17306468,0.19758865,0.022580046,0.014008262,0.13216375,0.0,-0.0065985243,0.40631592,0.31478667,0.19951577,-0.44231847,-0.097861044,-0.055644922,-0.07770994,0.28280693,-0.20034276,-0.049458522,0.11947886,0.1584915,0.0,0.2961776,0.86661434,0.047740508,0.5112787,1.2414244,0.19066434,0.18630263,0.12513098,-0.179967,0.17550915,-0.021198902,-0.13334176,0.13118564,0.57839334
-0.19228077,0.46427432,-0.25712752,0.17413998,0.17306468,0.17433298,-0.09098038,0.014008262,0.13216375,0.0,-0.0065985243,0.40631592,0.27874273,0.20553102,-0.4426141,-0.09061495,-0.06359091,-0.07294225,0.28280693,-0.24708594,-0.049458522,0.14110938,0.1584915,0.0,0.2961776,0.7799898,0.047740508,0.5112787,1.3320369,0.16672254,0.15322897,0.21780454,0.23254114,0.17550915,0.025250021,-0.13155907,0.13118564,0.6264473
0.33340013,0.43555546,0.33401224,-0.015233917,-0.08815815,0.32261032,0.6553293,0.062414568,-0.036587883,0.0,-0.011824183,0.20254289,-0.31731558,0.20606191,1.4286265,-0.05882942,-0.04813954,-0.079520166,-0.19825205,0.2749645,0.2428151,0.18908656,0.31742734,0.0,-0.08756899,0.7800906,-0.13949771,-0.076876685,-0.061491467,0.034748323,0.066677794,-0.067597084,-0.27973488,-0.14287445,-0.021198902,-0.13801774,0.023923442,0.2996843
-0.1569564,-0.9261793,-0.4570175,0.054851174,0.2554541,0.31014556,0.9234644,0.21489951,0.0537331,0.0,0.01778,-0.31562474,0.2857643,0.15592326,-0.24757063,-0.055290464,0.32361507,0.21647874,-0.10680774,0.7028278,0.17537981,0.13050388,0.18677117,0.0,0.0641284,0.50001186,0.12862478,-0.12007721,0.00045846403,0.43632147,0.07718804,0.16476017,0.3291297,0.07721904,-0.01628371,-0.09386374,-0.0037793592,0.5122104
0.26751322,0.44032633,-0.3925369,-0.0015598498,-0.0004563108,-0.15713194,-0.4542669,0.014008262,-0.042101286,0.0,-0.0065000933,0.32408553,-0.3835439,0.26142994,-0.8276086,-0.07405771,0.32200855,0.31555873,0.2964728,-0.3890809,-0.025201887,0.21034887,0.16777425,0.0,0.12569928,0.82342684,0.047740508,0.616015,0.31860384,-0.31686535,0.103900075,0.2763987,0.2962507,0.021491347,0.12472491,0.34495702,-0.23683003,0.2305784
0.2572947,0.17045934,0.3756689,-0.04480363,-0.072347134,0.51404226,-0.60793746,0.09832296,-0.0541808,0.0,-0.011824183,0.15972014,-0.32284135,-0.20147252,2.1422946,0.49267966,-0.0597185,-0.014695838,0.26502827,-0.1488892,-0.06011989,0.12229635,0.14450198,0.0,-0.10072024,0.5946695,0.001520854,-0.1359251,-0.8830197,-0.09234523,-0.17536804,-0.11082394,-0.24389979,-0.038895756,-0.002795387,0.15127671,0.21769232,0.41129687
0.30543298,0.35462955,-0.4880301,-0.050413664,-0.07367155,-0.23123688,-0.7134263,-0.13866521,-0.11114119,0.0,-0.012017829,0.23094708,-0.40410444,0.24436428,-0.4004314,-0.15976693,-0.27160332,-0.09149419,-0.5479335,-0.27492213,-0.18162648,-0.25396776,0.108662896,0.0,0.19740438,0.5269367,-0.12067794,-0.25688314,-0.6455887,-0.3222186,0.14742851,0.20693201,-0.22369312,-0.0653353,-0.07593238,-0.035600293,-0.27515012,-0.20868286
0.63799363,-1.2149754,0.3779767,0.027386576,-0.04152718,0.17860979,-0.057374142,-0.0018267212,0.13787788,0.0,0.03391501,0.1962089,0.20467755,0.26103795,-0.42854345,-0.06958638,0.34672594,0.44274846,0.17715488,0.9392726,0.15392402,0.15472661,0.1814374,0.0,-0.10060764,0.49850744,0.08976056,-0.41652536,-0.39020365,0.5390794,0.0843123,-0.029887615,0.24684796,-0.057504885,-0.014565333,0.28307924,0.12264636,-0.7907525
0.22833064,0.35674626,0.23438218,0.016008595,0.06627888,-0.17559971,0.19047937,-0.15634696,-0.043716103,0.0,-0.011824183,0.20435789,0.63331693,0.24176586,1.4512506,-0.107433684,-0.14223105,0.7991163,-0.15491204,0.529329,-0.05228401,-0.33235717,-0.21187791,0.0,0.00906066,-0.7851717,-0.055960085,-0.16108014,-0.12868573,-0.19348398,0.27352956,-0.087352015,0.25192678,-0.043872193,-0.022519926,0.13505809,-0.036664143,0.030364972
-0.3295808,0.33017027,-0.37236926,0.004991427,0.057784565,0.07773422,0.9330391,0.008410984,0.025862308,0.0,0.018049244,-0.38810602,0.3135375,0.25051945,-0.2937748,-0.05354069,-0.064160734,0.6123707,-0.13534759,0.5741406,-0.015618807,0.08024258,-0.1804358,0.0,0.025616348,-0.8511223,0.024190266,0.6255592,1.3640631,0.32489413,0.035457082,0.26064977,0.2763546,0.07562764,0.024377774,0.20001644,-0.07240989,-0.8430619
0.6145182,0.5101047,0.347738,0.17071405,-0.021316499,-0.23169729,-0.611127,-0.0018267212,-0.045033205,0.0,-0.012017829,0.2034392,0.1615513,0.25016445,-0.8572053,-0.07888841,-0.08077064,0.08030012,-0.45566174,0.53911966,0.20904413,0.1877473,0.20005222,0.0,0.284076,0.4743851,-0.084748365,-0.18653074,-0.3115201,-0.24243581,0.1682667,0.35797477,-0.3066859,0.22228253,-0.037002157,0.38739735,0.118444264,-0.2289021
-0.41337734,-0.97235614,-0.68555975,0.016876,0.2057291,0.026334833,-0.21775639,0.018575434,0.031038923,0.0,-0.012017829,-0.70426494,0.109362364,0.14487284,-0.7127373,-0.074045666,-0.15637209,-0.10931425,0.02948904,-0.44459844,-0.010993211,0.022157617,0.09758437,0.0,-0.26868567,0.41779923,0.040012572,0.3171732,-0.1079044,-0.27203664,-0.0073746867,0.3276791,0.14877573,0.2643712,0.024377774,0.21085438,-0.19127166,-1.4480653
0.22508511,0.35661486,0.36982456,-0.10555619,0.061825946,-0.16360965,-0.014705004,-0.14943244,-0.082017526,0.0,-0.0062782206,0.30117592,0.41712007,0.18896835,1.4893548,0.27814245,-0.124914244,0.004048679,0.009147018,-0.16452861,-0.016643658,-0.17313969,0.09208388,0.0,0.11168727,-0.14269972,0.050847545,0.38599792,0.36010265,-0.26958767,0.25583816,0.14366601,0.08059476,-0.0050798124,-0.011645433,-0.26593724,0.25046948,0.3883583
-0.39585078,0.49143222,-0.3001201,0.056082483,-0.131026,0.18273683,1.3064371,0.008410984,0.031687815,0.0,0.018049244,-0.42627314,-0.31558397,0.24528915,-0.34987292,-0.049828254,-0.06864019,-0.06548435,-0.25100055,0.74224025,0.1981977,0.18022972,0.20856626,0.0,-0.09649951,0.68580467,0.09182629,0.5632599,0.9379155,0.5205697,0.026733015,0.19928052,0.3422393,0.03912946,0.024377774,0.19939023,-0.08160832,-1.0250864
-0.16585746,0.42950138,-0.3696963,-0.01964974,0.09864823,0.18035322,-0.0007551182,0.106884554,0.11936924,0.0,-0.0042407876,0.24933268,0.25668946,0.22360894,0.90725875,-0.041807137,-0.0010090424,-0.060273565,0.15366249,-0.24497585,0.15503225,0.08575318,0.14703213,0.0,0.1834437,0.69883776,0.033576645,0.47246113,1.197206,0.0948496,0.23498589,0.09147089,0.20697235,0.13811727,0.022436159,-0.13399228,-0.15133822,0.6755172
-0.27523842,0.39450955,-0.48558047,-0.019407388,-0.1051989,-0.34624723,-0.74879545,-0.02156945,-0.11114119,0.0,-0.0065000933,0.21540782,-0.4360759,0.22226231,-0.99539584,-0.11949156,0.10670491,-0.079097,-0.29011062,0.27035883,0.08162651,0.0023347456,0.115804635,0.0,0.07483181,0.62008107,-0.09496021,-0.28288805,-0.60822403,-0.29395965,0.12881938,0.054040074,-0.3324593,-0.11871431,-0.06271383,-0.25560558,0.03889031,0.37831303
-0.09541683,0.4344216,-0.5051308,0.015843105,0.021294685,-0.3134529,-0.16545154,0.017282473,0.13216375,0.0,-0.004357921,-0.41163096,0.13047582,0.23966591,-0.6341216,-0.05937662,0.16351637,0.10726993,0.12877771,-0.27938154,-0.14765632,0.15194455,0.100049525,0.0,0.17636025,0.71995693,0.037166968,0.5469919,1.101689,-0.22782332,0.22466359,0.15770245,0.23653048,0.26821214,0.030165214,-0.19994307,-0.19109762,0.61521244
0.2188311,0.27027255,0.23438218,0.03385613,0.060250413,-0.17559971,0.5315496,0.10163562,-0.08644821,0.0,-0.011824183,0.13438082,0.3853669,-0.24509275,1.9803395,0.7330517,-0.06613252,-0.01787774,0.16469988,-0.2602345,-0.029220171,0.16995525,-0.21077165,0.0,0.20622063,-1.3400021,0.06818994,-0.14718695,-0.11144378,-0.13599145,0.29167524,-0.07884002,0.22387016,-0.06819316,-0.014079733,-0.006548587,-0.13588105,0.05534575
0.2299245,0.49668658,0.33524153,-0.03365949,-0.06654438,-0.35646436,0.54572535,-0.10881029,-0.038671717,0.0,-0.011824183,0.15972014,0.42703995,-0.19916254,2.0415301,0.4014002,-0.13911495,0.08676028,0.25636774,-0.111971036,-0.054489627,-0.3404798,-0.25867832,0.0,0.06995675,0.63660216,0.001520854,-0.13349546,-0.6838298,-0.23831406,-0.4837998,-0.108901344,-0.13019386,-0.071080215,0.008443851,0.1799033,0.20883538,0.32684827
-0.25528613,-1.3450476,-0.45638976,0.012964968,-0.038033582,0.2922551,-0.7092807,-0.02156945,-0.04715404,0.0,0.03391501,0.15410134,0.16665028,-0.2202298,-0.71230304,-0.119719185,0.24303329,-0.22022593,0.1459103,0.37860233,-0.024591424,-0.039254714,0.090048075,0.0,-0.0021956936,0.3337983,0.059851833,-0.82612437,-1.2048352,0.5495711,0.03432223,-0.17675646,-0.15113907,-0.07117361,-0.008324577,0.0107607655,-0.1036002,-1.1046526
0.13326287,0.058431692,0.33458892,-0.11119362,-0.10363841,-0.41478655,0.48109186,-0.0023226133,-0.02505161,0.0,-0.037548956,0.06316036,-0.30272657,-0.23731911,-1.1942402,-0.17977083,-0.16133726,-0.09537684,0.058888786,-0.20174505,-0.08911501,0.10081754,0.05995681,0.0,-0.33349505,-0.20822065,-0.1822772,-0.14803964,-1.3435874,-0.3333247,-0.4208693,-0.19270612,-0.21045703,0.12934113,0.041558526,0.094916806,0.16613749,0.19461188
-0.24574481,-1.1103108,-0.48441032,-0.05887065,0.2554541,0.26781154,-0.35355666,0.3542795,-0.031571653,0.0,0.10270936,0.18274513,0.46117565,0.22788554,-0.43570083,-0.08461212,0.034285992,-0.20168957,0.17526206,0.5409375,-0.0756018,0.03559213,0.33882225,0.0,0.115196034,0.46484178,0.14966418,-0.49374875,-0.09937777,0.82729524,0.16694959,-0.045349177,0.33034912,-0.05851283,-0.030719323,0.024740212,-0.09998627,0.46790296
0.26445064,0.22142807,0.20616317,-0.08433834,-0.07219993,-0.21664575,0.6887382,-0.101895764,-0.01488251,0.0,-0.011824183,0.297118,0.2569026,0.19989781,1.6724035,0.27865574,-0.06641509,0.1513647,-0.010763161,-0.10693376,-0.0295644,0.19635764,-0.25848272,0.0,0.1063907,-0.3055889,0.038178097,0.45500472,0.42194796,-0.08460734,0.15271266,0.030413348,-0.17718853,0.14786331,0.00096713426,0.15872264,0.29696846,0.40382883
-0.18815571,0.30400074,-0.43648317,-0.032945324,0.093565315,0.24267998,-0.46770778,0.11319403,-0.031571653,0.0,0.03391501,0.17179061,0.54632205,0.20649461,-0.454371,-0.08119267,0.33261603,0.4403504,0.26444197,-0.18374272,0.1907945,0.25589886,0.33882225,0.0,0.14097866,0.7576353,0.020803303,-0.50558287,0.21717295,0.69671184,0.15837608,-0.06620237,0.14987838,-0.029406607,-0.030719323,0.042841546,0.10678193,0.5911677
-0.3702866,0.06341638,-0.45834932,0.121137545,-0.0068298997,-0.15377505,-0.73891026,0.014008262,-0.04715404,0.0,-0.037548956,0.21418482,0.05416443,0.21121189,-1.0093361,-0.0879102,-0.35327938,-0.061070304,-0.29751992,0.7304847,-0.015638921,-0.23291379,0.0755423,0.0,-0.16042344,0.49411187,-0.109855704,-0.2934324,0.055614233,-0.30771282,0.084970415,-0.07713463,0.23117231,-0.12507793,-0.041996263,0.2167148,-0.06870863,-1.2413385
0.10086742,-1.2705224,0.295075,-0.052450962,-0.13314255,0.5074552,-0.72903866,-0.02156945,-0.0541808,0.0,0.10270936,0.062480763,-0.3997712,-0.23731911,-0.97372204,-0.20095596,-0.006800115,0.16558874,0.13372533,-0.2025073,-0.09549372,0.06375595,0.2226982,0.0,-0.25482455,0.40024418,-0.1695996,-0.5243819,-1.2579803,0.85958946,-0.16793092,-0.24669139,-0.2855722,-0.07123321,0.027122913,-0.18832108,0.02362918,0.24251354
-0.34389105,0.0010193875,-0.38856646,-0.004896071,-0.012024724,-0.21545836,0.3159395,0.008410984,-0.018854547,0.0,-0.037548956,0.19765449,-0.46442538,0.14012274,-1.0977257,-0.1579632,-0.20570546,-0.038469248,-0.08472705,-0.48159003,-0.118501425,-0.20964962,-0.21414146,0.0,-0.265066,-1.6174529,0.04595263,-0.29809976,-0.049853228,-0.3724507,0.119769484,-0.20244665,0.20586887,-0.09209633,-0.014342094,0.003491331,-0.1952065,-0.6506279
0.67201537,0.37400794,-0.22799933,0.09811747,0.019268233,-0.19787848,0.13717477,-0.09852032,0.06438189,0.0,-0.004357921,0.31228167,0.18807606,0.23266816,-0.20554595,-0.06530783,0.13086817,0.099739954,0.24552421,0.6588338,0.04696832,-0.20033672,0.1294947,0.0,0.15136935,0.8053237,0.11571024,0.480058,0.8783342,-0.20519286,0.1923114,0.070074506,0.07772516,-0.13776678,-0.014342094,0.31548357,-0.044652805,-0.14174876
-0.52919614,0.086030275,-0.45834932,-0.07131541,-0.1051989,-0.21520142,-0.8803327,0.014008262,-0.025861993,0.0,-0.012017829,0.17247021,-0.46979725,0.21722713,-0.96209395,-0.098452136,-0.13472381,-0.114474565,-0.2547306,-0.34148628,0.21169704,-0.20788416,0.08688493,0.0,-0.3528549,0.4965482,0.057857882,-0.26952186,-0.013510041,-0.30800998,0.039067812,0.2874117,-0.19474724,0.2733466,-0.043953773,0.027291946,-0.23698923,-0.82437223
0.28044856,0.5211864,-0.42329416,0.11721261,-0.005423233,-0.15713194,-0.5143826,0.014008262,-0.0374222,0.0,-0.0065000933,0.32408553,-0.43687868,0.2554147,-0.7333439,-0.07171027,0.20736805,0.31079105,0.2531893,0.5686251,0.077854365,0.23079282,0.09967363,0.0,0.028470987,0.8902714,0.11815786,0.5431887,0.32685187,-0.1860142,0.15679942,0.13251992,-0.10725514,0.15626498,-0.03073522,0.33703005,-0.08112051,-0.23751032
-0.1754644,0.45457292,-0.4808475,-0.0430228,0.0885984,0.100183375,0.90371484,0.107596755,-0.021905793,0.0,0.03391501,0.21134987,0.25362065,0.23893596,-0.3118444,-0.068427704,0.29890317,0.2079009,-0.20531596,0.6566701,0.16379298,0.21385658,0.22522269,0.0,0.10813781,0.8134803,0.14078854,-0.20793593,0.27530977,0.46806994,0.11479419,-0.098620914,0.35412213,-0.14797036,-0.01628371,-0.14984739,-0.030262833,0.56352484
0.15218994,0.37269527,0.19508243,-0.00508829,-0.093298964,-0.3113278,0.27543414,-0.1530343,-0.079831704,0.0,-0.011824183,0.060836762,0.10204541,-0.35423,1.2687722,-0.25657144,-0.16317897,-0.04247806,-0.070833564,-0.22827454,-0.08184919,-0.29040265,-0.22295442,0.0,0.010561034,-1.2930489,-0.24452129,-0.16066186,-0.6810119,-0.18155542,-0.61684185,-0.15906549,-0.17862517,0.085322306,-0.04827822,-0.018376503,-0.1748834,-0.13062617
-0.36373222,0.13618797,-0.7668671,0.035376143,0.00043449644,-0.15875012,-0.09475939,0.017183766,-0.03639856,0.0,-0.004357921,-0.8176773,-0.3674283,0.06509502,-0.8501936,-0.052298382,0.16351637,0.09379608,-0.14193451,-0.3890809,-0.020668387,-0.23640329,0.096567646,0.0,0.05508233,-0.3283538,-0.06353652,0.26612893,0.28263858,-0.3045462,0.07461261,0.18583943,0.1242947,-0.10491464,0.032106828,0.30191243,-0.23660132,-1.225154
0.73169774,0.21532577,-0.39829478,0.17071405,0.019268233,-0.11368159,-0.056784872,0.014008262,0.04031957,0.0,-0.012017829,0.34101748,0.38999367,0.24436428,-0.80244917,-0.06527582,-0.08077064,-0.06858592,-0.45566174,0.7075362,0.20129505,0.12904784,0.09240143,0.0,0.17154358,0.61618966,0.09675227,0.4896956,0.32887092,-0.22986665,0.16369818,0.30210027,-0.23675765,0.14011846,-0.016299605,0.30534852,-0.077909164,-0.87358207
-0.15048963,0.32315445,-0.3784581,0.18740964,-0.014519855,-0.09419471,-0.45184124,0.014008262,0.06619911,0.0,-0.0065000933,-0.33783862,-0.4533869,0.1388576,-0.61256254,-0.058937076,0.27964738,0.31079105,0.1003515,0.73512125,0.052811183,0.16418925,0.07369477,0.0,-0.21616842,0.7330134,0.14369139,0.6269154,0.42532942,-0.25129122,0.13625227,0.1198654,0.26751256,-0.1359313,0.07952586,-0.15348226,-0.04330434,0.63922185
-0.20907792,-0.9747865,-0.49892458,-0.037832282,-0.027513646,0.1547825,0.5251411,-0.027166728,-0.021905793,0.0,0.03391501,-0.37872595,0.08582792,0.14990802,-0.6458492,-0.056912813,0.24196184,-0.22116935,-0.10862096,0.5850183,0.04454009,-0.073731475,0.21808095,0.0,0.044547915,0.38087517,0.059851833,-0.60301745,-1.1697078,0.4879348,0.003861668,-0.18213676,-0.21457225,-0.050322503,0.0083714165,-0.19170214,-0.10767447,-1.1538521
0.25552353,0.36379606,0.30946222,-0.01610587,0.014030289,-0.19504762,0.21621445,-0.101895764,0.035671514,0.0,-0.0065189796,0.24405727,0.2508246,0.17948008,1.1314725,0.26695156,-0.23433137,0.33412313,-0.12294191,0.4405908,0.14740852,-0.27904743,-0.20782566,0.0,0.038563095,-0.3835332,0.013018543,0.47904506,0.91329557,-0.09940519,0.20452951,-0.01943596,0.19829549,-0.032964334,-0.011645433,0.26514772,0.09160297,0.38825873
0.34909314,-1.3890715,0.3408936,-0.034705818,-0.14895356,0.33066702,1.4118913,0.008410984,-0.021905793,0.0,0.10270936,0.15257649,0.26630235,0.239647,-0.6037226,-0.08271324,-0.12144906,-0.09090742,0.16058278,-0.15275201,0.20964846,0.10703159,0.32678533,0.0,0.13228604,0.610793,-0.1063754,-0.103341326,0.40787882,0.05585654,0.07120368,-0.019861817,-0.19779527,-0.0072217938,-0.018938523,-0.002007652,0.12976408,0.32934958
0.21234009,0.4086083,0.3800703,-0.022707362,-0.072347134,0.47906947,0.5443852,0.34868222,-0.038671717,0.0,0.03391501,0.07591331,0.31390226,-0.21658975,-0.35000944,-0.1397183,0.28355473,0.16177858,-0.25146312,0.2524922,0.19086751,0.13840926,0.27782902,0.0,-0.20304586,0.58012086,-0.14909765,-0.25022364,-1.0761656,0.7587511,-0.36177662,-0.08009442,-0.306977,-0.023023333,0.043818906,-0.03961664,-0.10337269,0.31068358
-0.07002148,-0.9108262,0.19687635,-0.026406575,0.21702793,0.34367284,0.9406864,0.085409716,-0.021905793,0.0,0.01778,-0.54550654,0.12789612,0.14990802,-0.3796097,-0.05651808,0.23962784,-0.09884819,0.19271225,0.63675904,0.13436955,-0.073731475,0.316612,0.0,0.07044889,0.5922559,0.12862478,-0.059029374,0.2978517,0.5244838,0.07077549,0.07249981,0.33284265,-0.0013834592,-0.01402333,-0.06831598,-0.0068571568,0.6272524
