arquivo_original,UCI.name,data.id,OpenML.name,status
rpart_1100_PopularKids.csv,1100_PopularKids,,,sem_correspondencia
rpart_1500_seismic-bumps.csv,1500_seismic-bumps,,,sem_correspondencia
rpart_1519_robot-failures-lp4.csv,1519_robot-failures-lp4,,,sem_correspondencia
rpart_1520_robot-failures-lp5.csv,1520_robot-failures-lp5,,,sem_correspondencia
rpart_299_libras_move.csv,299_libras_move,,,sem_correspondencia
rpart_338_grub-damage.csv,338_grub-damage,,,sem_correspondencia
rpart_685_visualizing_livestock.csv,685_visualizing_livestock,,,sem_correspondencia
rpart_acute-inflammations-nephritis.csv,acute-inflammations-nephritis,1455,acute-inflammations,mapeado
rpart_analcatdata_authorship.csv,analcatdata_authorship,458,analcatdata_autorship,mapeado
rpart_analcatdata_boxing1.csv,analcatdata_boxing1,448,analcatdata_boxing1,mapeado
rpart_analcatdata_boxing2.csv,analcatdata_boxing2,444,analcatdata_boxing2,mapeado
rpart_analcatdata_creditscore.csv,analcatdata_creditscore,461,analcatdata_creditscore,mapeado
rpart_analcatdata_dmft.csv,analcatdata_dmft,469,analcatdata_dmft,mapeado
rpart_analcatdata_germangss.csv,analcatdata_germangss,475,analcatdata_germangss,mapeado
rpart_analcatdata_lawsuit.csv,analcatdata_lawsuit,450,analcatdata_lawsuit,mapeado
rpart_appendicitis.csv,appendicitis,1456,appendicitis,mapeado
rpart_artificial-characters.csv,artificial-characters,1459,artificial-characters,mapeado
rpart_autoUniv-au1-1000.csv,autoUniv-au1-1000,1547,autoUniv-au1-1000,mapeado
rpart_autoUniv-au4-2500.csv,autoUniv-au4-2500,1548,autoUniv-au4-2500,mapeado
rpart_autoUniv-au6-1000.csv,autoUniv-au6-1000,1555,autoUniv-au6-1000,mapeado
rpart_autoUniv-au6-250-drift-au6-cd1-500.csv,autoUniv-au6-250-drift-au6-cd1-500,1549,autoUniv-au6-750,mapeado
rpart_autoUniv-au6-cd1-400.csv,autoUniv-au6-cd1-400,1551,autoUniv-au6-400,mapeado
rpart_autoUniv-au7-300-drift-au7-cpd1-800.csv,autoUniv-au7-300-drift-au7-cpd1-800,1552,autoUniv-au7-1100,mapeado
rpart_autoUniv-au7-700.csv,autoUniv-au7-700,1553,autoUniv-au7-700,mapeado
rpart_autoUniv-au7-cpd1-500.csv,autoUniv-au7-cpd1-500,1554,autoUniv-au7-500,mapeado
rpart_backache.csv,backache,463,backache,mapeado
rpart_balance-scale.csv,balance-scale,11,balance-scale,mapeado
rpart_banana.csv,banana,1460,banana,mapeado
rpart_bank-marketing.csv,bank-marketing,1461,bank-marketing,mapeado
rpart_banknote-authentication.csv,banknote-authentication,1462,banknote-authentication,mapeado
rpart_blood-transfusion-service.csv,blood-transfusion-service,1464,blood-transfusion-service-center,mapeado
rpart_breast-cancer-wisconsin.csv,breast-cancer-wisconsin,15,breast-w,mapeado
rpart_breast-tissue-6class.csv,breast-tissue-6class,1465,breast-tissue,mapeado
rpart_bupa.csv,bupa,8,liver-disorders,mapeado
rpart_car-evaluation.csv,car-evaluation,21,car,mapeado
rpart_cardiotocography-3class.csv,cardiotocography-3class,1560,cardiotocography-v2,mapeado
rpart_climate-simulation-crashes.csv,climate-simulation-crashes,1467,climate-model-simulation-crashes,mapeado
rpart_cloud.csv,cloud,210,cloud,mapeado
rpart_cmc.csv,cmc,23,cmc,mapeado
rpart_connectionist-mines-vs-rocks.csv,connectionist-mines-vs-rocks,40,sonar,mapeado
rpart_connectionist-vowel.csv,connectionist-vowel,307,vowel,mapeado
rpart_dermatology.csv,dermatology,35,dermatology,mapeado
rpart_fertility-diagnosis.csv,fertility-diagnosis,1473,fertility,mapeado
rpart_first-order-theorem.csv,first-order-theorem,1475,first-order-theorem-proving,mapeado
rpart_flare.csv,flare,173,solar-flare,mapeado
rpart_habermans-survival.csv,habermans-survival,43,haberman,mapeado
rpart_hayes-roth.csv,hayes-roth,329,hayes-roth,mapeado
rpart_heart-disease-processed-cleveland.csv,heart-disease-processed-cleveland,49,heart-c,mapeado
rpart_heart-disease-processed-hungarian.csv,heart-disease-processed-hungarian,51,heart-h,mapeado
rpart_heart-disease-processed-va.csv,heart-disease-processed-va,1512,heart-long-beach,mapeado
rpart_heart-disease-reprocessed-hungarian.csv,heart-disease-reprocessed-hungarian,1565,heart-h-v3,mapeado
rpart_hepatitis.csv,hepatitis,55,hepatitis,mapeado
rpart_hill-valley-with-noise.csv,hill-valley-with-noise,1479,hill-valley,mapeado
rpart_horse-colic-surgical.csv,horse-colic-surgical,25,colic,mapeado
rpart_indian-liver-patient.csv,indian-liver-patient,1480,ilpd,mapeado
rpart_ionosphere.csv,ionosphere,59,ionosphere,mapeado
rpart_iris.csv,iris,61,iris,mapeado
rpart_kr-vs-kp.csv,kr-vs-kp,3,kr-vs-kp,mapeado
rpart_led7digit.csv,led7digit,40496,LED-display-domain-7digit,mapeado
rpart_lsvt-voice-rehabilitation.csv,lsvt-voice-rehabilitation,1484,lsvt,mapeado
rpart_mammographic-mass.csv,mammographic-mass,310,mammography,mapeado
rpart_meta-data.csv,meta-data,566,meta,mapeado
rpart_mfeat-fourier.csv,mfeat-fourier,14,mfeat-fourier,mapeado
rpart_micro-mass-mixed-spectra.csv,micro-mass-mixed-spectra,1514,micro-mass,mapeado
rpart_molecular-promotor-gene.csv,molecular-promotor-gene,164,molecular-biology-promoters,mapeado
rpart_molecular-splice-junction.csv,molecular-splice-junction,46,splice,mapeado
rpart_monks1.csv,monks1,333,monks-problems-1,mapeado
rpart_monks2.csv,monks2,334,monks-problems-2,mapeado
rpart_monks3.csv,monks3,335,monks-problems-3,mapeado
rpart_movement-libras.csv,movement-libras,40736,libras_move_v2,mapeado
rpart_multiple-features.csv,multiple-features,12,mfeat-factors,mapeado
rpart_mushroom.csv,mushroom,24,mushroom,mapeado
rpart_nursery-4class.csv,nursery-4class,1568,nursery-v3,mapeado
rpart_optdigits.csv,optdigits,28,optdigits,mapeado
rpart_ozone-eighthr.csv,ozone-eighthr,1487,ozone-level-8hr,mapeado
rpart_ozone-onehr.csv,ozone-onehr,40735,ozone_level_v2,mapeado
rpart_page-blocks.csv,page-blocks,30,page-blocks,mapeado
rpart_parkinsons.csv,parkinsons,1488,parkinsons,mapeado
rpart_phoneme.csv,phoneme,1489,phoneme,mapeado
rpart_plant-species-leaves-margin.csv,plant-species-leaves-margin,1491,one-hundred-plants-margin,mapeado
rpart_plant-species-leaves-shape.csv,plant-species-leaves-shape,1492,one-hundred-plants-shape,mapeado
rpart_plant-species-leaves-texture.csv,plant-species-leaves-texture,1493,one-hundred-plants-texture,mapeado
rpart_robot-nav-sensor-readings-4.csv,robot-nav-sensor-readings-4,1526,wall-robot-navigation-v3,mapeado
rpart_saheart.csv,saheart,1498,sa-heart,mapeado
rpart_seeds.csv,seeds,1499,seeds,mapeado
rpart_semeion.csv,semeion,1501,semeion,mapeado
rpart_statlog-german-credit.csv,statlog-german-credit,31,credit-g,mapeado
rpart_statlog-heart.csv,statlog-heart,53,heart-statlog,mapeado
rpart_statlog-image-segmentation.csv,statlog-image-segmentation,36,segment,mapeado
rpart_statlog-landsat-satellite.csv,statlog-landsat-satellite,40734,satellite_image,mapeado
rpart_statlog-vehicle-silhouettes.csv,statlog-vehicle-silhouettes,54,vehicle,mapeado
rpart_steel-plates-faults.csv,steel-plates-faults,1504,steel-plates-fault,mapeado
rpart_teaching-assistant-evaluation.csv,teaching-assistant-evaluation,48,tae,mapeado
rpart_texture.csv,texture,40499,texture,mapeado
rpart_thoracic-surgery.csv,thoracic-surgery,1506,thoracic-surgery,mapeado
rpart_thyroid-allbp.csv,thyroid-allbp,40474,thyroid-allbp,mapeado
rpart_thyroid-allhyper.csv,thyroid-allhyper,40475,thyroid-allhyper,mapeado
rpart_user-knowledge.csv,user-knowledge,1508,user-knowledge,mapeado
rpart_vertebra-column-3c.csv,vertebra-column-3c,1523,vertebra-column,mapeado
rpart_wine.csv,wine,187,wine,mapeado
rpart_yeast-4class.csv,yeast-4class,40733,yeast_v7,mapeado
